Link,Visualizacoes,Like,Deslikes,Like Comentarios,Qtd Caracteres,Codigo,Opiniao,Emoji ,Densidade semantica,Dificuldade,Densidade semantica 2,Dificuldade 2,Tristeza,Alegria,Medo,Aversao,Raiva,Pontuacao,Resultado
https://www.youtube.com/watch?v=iFYWrDMfVNo,37.636,1.700,27,19,140,0,1,0,1,2,2,2,0.1425,0.63984375,0.1425,0.1425,0.1425,0.50859375,1
https://www.youtube.com/watch?v=iFYWrDMfVNo,37.636,1.700,27,50,150,0,1,0,1,2,2,2,0.42,0.595,0.0,0.0,0.0,0.79,0
https://www.youtube.com/watch?v=iFYWrDMfVNo,37.636,1.700,27,3,242,0,1,0,1,2,2,2,0.0,0.91875,0.0,0.0,0.0,0.91875,1
https://www.youtube.com/watch?v=iFYWrDMfVNo,37.636,1.700,27,3,77,0,1,0,1,2,2,2,0.175,0.875,0.175,0.175,0.175,0.7,0
https://www.youtube.com/watch?v=iFYWrDMfVNo,37.636,1.700,27,5,161,0,1,0,1,2,2,2,0.0,1.0,0.0,0.0,0.0,1.0,1
https://www.youtube.com/watch?v=iFYWrDMfVNo,37.636,1.700,27,2,190,0,1,0,1,2,2,2,0.3333333333333333,0.6494444444444445,0.0,0.16666666666666666,0.0,0.6908333333333333,0
https://www.youtube.com/watch?v=iFYWrDMfVNo,37.636,1.700,27,1,69,0,1,0,1,2,2,2,0.4,0.4,0.2,0.2,0.0,0.0,0
https://www.youtube.com/watch?v=iFYWrDMfVNo,37.636,1.700,27,2,164,0,1,0,1,2,2,2,0.1455,0.515,0.1455,0.0,0.1455,0.2725,0
https://www.youtube.com/watch?v=iFYWrDMfVNo,37.636,1.700,27,0,132,0,1,0,1,2,2,2,0.0,0.91875,0.0,0.0,0.0,0.91875,1
https://www.youtube.com/watch?v=iFYWrDMfVNo,37.636,1.700,27,2,55,0,1,0,1,2,2,2,0.0,0.525,0.0,0.0,0.0,0.525,1
https://www.youtube.com/watch?v=iFYWrDMfVNo,37.636,1.700,27,22,143,0,1,1,1,2,2,2,0.0,0.39375,0.0,0.0,0.0,0.39375,1
https://www.youtube.com/watch?v=iFYWrDMfVNo,37.636,1.700,27,1,61,0,1,0,1,2,2,2,0.35,0.9508333333333333,0.175,0.175,0.0,0.6008333333333333,0
https://www.youtube.com/watch?v=iFYWrDMfVNo,37.636,1.700,27,1,46,0,1,0,1,2,2,2,0.0,1.0,0.0,0.0,0.0,1.0,1
https://www.youtube.com/watch?v=iFYWrDMfVNo,37.636,1.700,27,1,58,0,1,0,1,2,2,2,0.0,1.0,0.0,0.0,0.0,1.0,1
https://www.youtube.com/watch?v=iFYWrDMfVNo,37.636,1.700,27,1,82,0,1,0,1,2,2,2,0.0,0.525,0.0,0.0,0.0,0.525,1
https://www.youtube.com/watch?v=iFYWrDMfVNo,37.636,1.700,27,2,97,0,1,0,1,2,2,2,0.0,0.8875,0.0,0.0,0.0,0.8875,1
https://www.youtube.com/watch?v=iFYWrDMfVNo,37.636,1.700,27,2,124,0,1,0,1,2,2,2,0.62,0.54,0.20666666666666667,0.41333333333333333,0.41333333333333333,0.46,1
https://www.youtube.com/watch?v=iFYWrDMfVNo,37.636,1.700,27,0,80,0,1,0,1,2,2,2,1.0,0.0,0.525,0.525,0.525,-1.0,-1
https://www.youtube.com/watch?v=iFYWrDMfVNo,37.636,1.700,27,2,56,0,1,0,1,2,2,2,0.0,0.65625,0.0,0.0,0.0,0.65625,1
https://www.youtube.com/watch?v=iFYWrDMfVNo,37.636,1.700,27,1,82,0,1,0,1,2,2,2,0.0,0.575,0.0,0.0,0.0,0.575,1
https://www.youtube.com/watch?v=iFYWrDMfVNo,37.636,1.700,27,1,61,0,1,0,1,2,2,2,0.0,0.65625,0.0,0.0,0.0,0.65625,1
https://www.youtube.com/watch?v=iFYWrDMfVNo,37.636,1.700,27,1,75,0,1,0,1,2,2,2,0.0,0.7416666666666667,0.0,0.0,0.0,0.7416666666666667,1
https://www.youtube.com/watch?v=iFYWrDMfVNo,37.636,1.700,27,1,29,0,1,0,1,2,2,2,0.0,1.0,0.0,0.0,0.0,1.0,1
https://www.youtube.com/watch?v=iFYWrDMfVNo,37.636,1.700,27,1,19,0,1,0,1,2,2,2,0.0,1.0,0.0,0.0,0.0,1.0,1
https://www.youtube.com/watch?v=iFYWrDMfVNo,37.636,1.700,27,1,25,0,1,0,1,2,2,2,0.0,1.0,0.0,0.0,0.0,1.0,1
https://www.youtube.com/watch?v=iFYWrDMfVNo,37.636,1.700,27,0,27,0,1,0,1,2,2,2,0.0,0.7875,0.0,0.0,0.0,0.7875,1
https://www.youtube.com/watch?v=iFYWrDMfVNo,37.636,1.700,27,2,174,0,1,0,1,2,2,2,0.0,0.3125,0.0,0.0,0.0,0.3125,1
https://www.youtube.com/watch?v=iFYWrDMfVNo,37.636,1.700,27,0,30,0,1,0,1,2,2,2,0.0,0.525,0.0,0.0,0.0,0.525,1
https://www.youtube.com/watch?v=iFYWrDMfVNo,37.636,1.700,27,1,15,0,1,0,1,2,2,2,0.0,0.7875,0.0,0.0,0.0,0.7875,1
https://www.youtube.com/watch?v=iFYWrDMfVNo,37.636,1.700,27,0,29,0,1,0,1,2,2,2,0.0,0.9375,0.0,0.0,0.0,0.9375,1
https://www.youtube.com/watch?v=iFYWrDMfVNo,37.636,1.700,27,0,106,0,1,0,1,2,2,2,0.0,0.625,0.0,0.0,0.0,0.625,1
https://www.youtube.com/watch?v=iFYWrDMfVNo,37.636,1.700,27,3,105,0,1,0,1,2,2,2,0.0,0.45729166666666665,0.0,0.0,0.0,0.45729166666666665,1
https://www.youtube.com/watch?v=iFYWrDMfVNo,37.636,1.700,27,0,17,0,1,0,1,2,2,2,0.0,0.65625,0.0,0.0,0.0,0.65625,1
https://www.youtube.com/watch?v=iFYWrDMfVNo,37.636,1.700,27,1,26,0,1,0,1,2,2,2,0.0,0.4125,0.0,0.0,0.0,0.4125,1
https://www.youtube.com/watch?v=iFYWrDMfVNo,37.636,1.700,27,0,6,0,1,0,1,2,2,2,0.0,1.0,0.0,0.0,0.0,1.0,1
https://www.youtube.com/watch?v=iFYWrDMfVNo,37.636,1.700,27,0,79,0,1,0,1,2,2,2,0.0,0.5208333333333334,0.0,0.0,0.0,0.5208333333333334,1
https://www.youtube.com/watch?v=iFYWrDMfVNo,37.636,1.700,27,1,145,0,1,0,1,2,2,2,0.525,0.0,0.0,0.0,0.7875,-0.7875,-1
https://www.youtube.com/watch?v=iFYWrDMfVNo,37.636,1.700,27,1,9,0,1,0,1,2,2,2,0.0,0.0,0.0,0.0,0.0,0.0,0
https://www.youtube.com/watch?v=iFYWrDMfVNo,37.636,1.700,27,1,9,0,1,0,1,2,2,2,0.0,0.625,0.0,0.0,0.0,0.625,1
https://www.youtube.com/watch?v=iFYWrDMfVNo,37.636,1.700,27,2,54,0,1,0,1,2,2,2,0.0,0.0,0.0,0.0,0.0,0.0,0
https://www.youtube.com/watch?v=iFYWrDMfVNo,37.636,1.700,27,1,143,0,1,0,1,2,2,2,0.0,0.9166666666666666,0.0,0.0,0.0,0.9166666666666666,1
https://www.youtube.com/watch?v=iFYWrDMfVNo,37.636,1.700,27,1,24,0,1,0,1,2,2,2,0.0,0.0,0.0,0.0,0.0,0.0,0
https://www.youtube.com/watch?v=iFYWrDMfVNo,37.636,1.700,27,1,8,0,1,0,1,2,2,2,0.0,0.525,0.0,0.0,0.0,0.525,1
https://www.youtube.com/watch?v=iFYWrDMfVNo,37.636,1.700,27,2,293,0,1,0,1,2,2,2,0.145,0.5208333333333334,0.0,0.0,0.145,0.4,1
https://www.youtube.com/watch?v=iFYWrDMfVNo,37.636,1.700,27,2,48,0,1,0,1,2,2,2,0.5,0.25,0.0,0.0,0.0,-0.08333333333333333,0
https://www.youtube.com/watch?v=iFYWrDMfVNo,37.636,1.700,27,4,14,0,1,0,1,2,2,2,0.0,0.5,0.0,0.0,0.0,0.5,1
https://www.youtube.com/watch?v=YUeiAhpPMjQ,810,76,2,0,77,0,1,0,5,4,5,4,0.0,0.525,0.0,0.0,0.0,0.525,1
https://www.youtube.com/watch?v=YUeiAhpPMjQ,810,76,2,0,58,0,1,0,5,4,5,4,0.0,0.2625,0.0,0.0,0.0,0.2625,1
https://www.youtube.com/watch?v=YUeiAhpPMjQ,810,76,2,0,39,0,1,0,5,4,5,4,0.0,0.9875,0.0,0.0,0.0,0.9875,1
https://www.youtube.com/watch?v=YUeiAhpPMjQ,810,76,2,0,51,0,1,0,5,4,5,4,0.0,0.0,0.0,0.0,0.0,0.0,0
https://www.youtube.com/watch?v=YUeiAhpPMjQ,810,76,2,0,18,0,1,0,5,4,5,4,0.0,0.5,0.0,0.0,0.0,0.5,1
https://www.youtube.com/watch?v=XinLASYOJE4,4.367,433,2,6,261,0,1,1,3,1,3,2,0.205,0.35,0.0,0.0,0.0,0.29,0
https://www.youtube.com/watch?v=XinLASYOJE4,4.367,433,2,1,133,1,0,0,3,1,3,2,0.0,0.9734375,0.0,0.0,0.0,0.9734375,1
https://www.youtube.com/watch?v=XinLASYOJE4,4.367,433,2,1,53,0,1,0,3,1,3,2,0.0,0.6770833333333334,0.0,0.0,0.0,0.6770833333333334,1
https://www.youtube.com/watch?v=XinLASYOJE4,4.367,433,2,1,105,0,1,0,3,1,3,2,0.0,0.80625,0.0,0.0,0.0,0.80625,1
https://www.youtube.com/watch?v=XinLASYOJE4,4.367,433,2,0,9,0,1,0,3,1,3,2,0.0,1.0,0.0,0.0,0.0,1.0,1
https://www.youtube.com/watch?v=XinLASYOJE4,4.367,433,2,0,146,0,1,0,3,1,3,2,0.0,1.0,0.0,0.0,0.0,1.0,1
https://www.youtube.com/watch?v=XinLASYOJE4,4.367,433,2,1,75,0,1,0,3,1,3,2,0.0,0.0,0.0,0.0,0.0,0.0,0
https://www.youtube.com/watch?v=XinLASYOJE4,4.367,433,2,0,0,0,1,1,3,1,3,2,0.0,0.0,0.0,0.0,0.0,0.0,0.0
https://www.youtube.com/watch?v=XinLASYOJE4,4.367,433,2,0,11,0,1,0,3,1,3,2,0.0,0.0,0.0,0.0,0.0,0.0,0
https://www.youtube.com/watch?v=XinLASYOJE4,4.367,433,2,0,26,1,0,0,3,1,3,2,0.0,0.75,0.0,0.0,0.0,0.75,1
https://www.youtube.com/watch?v=XinLASYOJE4,4.367,433,2,0,29,0,1,0,3,1,3,2,0.0,0.0,0.0,0.0,0.0,0.0,0
https://www.youtube.com/watch?v=MOXLCjL4Ik4,44.680,2.100,8,38,77,0,1,0,3,2,3,3,0.0,1.0,0.0,0.0,0.0,1.0,1
https://www.youtube.com/watch?v=MOXLCjL4Ik4,44.680,2.100,8,18,71,0,1,0,3,2,3,3,0.0,1.0,0.0,0.0,0.0,1.0,1
https://www.youtube.com/watch?v=MOXLCjL4Ik4,44.680,2.100,8,0,84,0,1,0,3,2,3,3,0.0,0.525,0.0,0.0,0.0,0.525,1
https://www.youtube.com/watch?v=MOXLCjL4Ik4,44.680,2.100,8,0,91,0,1,0,3,2,3,3,0.19333333333333333,0.5916666666666667,0.0,0.58,0.7733333333333333,0.41,0
https://www.youtube.com/watch?v=MOXLCjL4Ik4,44.680,2.100,8,0,92,0,1,0,3,2,3,3,0.0,0.34375,0.0,0.0,0.0,0.34375,1
https://www.youtube.com/watch?v=MOXLCjL4Ik4,44.680,2.100,8,0,72,0,1,0,3,2,3,3,0.0,0.7875,0.0,0.0,0.0,0.7875,1
https://www.youtube.com/watch?v=MOXLCjL4Ik4,44.680,2.100,8,0,121,0,1,0,3,2,3,3,0.0,0.7875,0.0,0.0,0.0,0.7875,1
https://www.youtube.com/watch?v=MOXLCjL4Ik4,44.680,2.100,8,0,36,0,1,0,3,2,3,3,0.0,0.91875,0.0,0.0,0.0,0.91875,1
https://www.youtube.com/watch?v=MOXLCjL4Ik4,44.680,2.100,8,1,104,0,1,1,3,2,3,3,0.0,0.8569444444444444,0.0,0.0,0.0,0.8569444444444444,1
https://www.youtube.com/watch?v=MOXLCjL4Ik4,44.680,2.100,8,5,36,0,1,0,3,2,3,3,0.0,0.9375,0.0,0.0,0.0,0.9375,1
https://www.youtube.com/watch?v=MOXLCjL4Ik4,44.680,2.100,8,2,88,0,1,0,3,2,3,3,0.0,0.9125,0.0,0.0,0.0,0.9125,1
https://www.youtube.com/watch?v=MOXLCjL4Ik4,44.680,2.100,8,4,47,0,1,0,3,2,3,3,0.0,0.7875,0.0,0.0,0.0,0.7875,1
https://www.youtube.com/watch?v=MOXLCjL4Ik4,44.680,2.100,8,5,91,0,1,0,3,2,3,3,0.0,0.60625,0.0,0.0,0.0,0.60625,1
https://www.youtube.com/watch?v=MOXLCjL4Ik4,44.680,2.100,8,0,202,0,1,0,3,2,3,3,0.0,0.7583333333333333,0.0,0.0,0.0,0.7583333333333333,1
https://www.youtube.com/watch?v=MOXLCjL4Ik4,44.680,2.100,8,1,69,0,1,0,3,2,3,3,0.0,1.0,0.0,0.0,0.0,1.0,1
https://www.youtube.com/watch?v=MOXLCjL4Ik4,44.680,2.100,8,1,218,0,1,0,3,2,3,3,0.41333333333333333,0.4716666666666667,0.0,0.0,0.0,0.53,0
https://www.youtube.com/watch?v=MOXLCjL4Ik4,44.680,2.100,8,0,41,0,1,0,3,2,3,3,0.0,1.0,0.0,0.0,0.0,1.0,1
https://www.youtube.com/watch?v=MOXLCjL4Ik4,44.680,2.100,8,0,36,0,1,0,3,2,3,3,0.0,1.0,0.0,0.0,0.0,1.0,1
https://www.youtube.com/watch?v=MOXLCjL4Ik4,44.680,2.100,8,0,45,0,1,0,3,2,3,3,0.0,1.0,0.0,0.0,0.0,1.0,1
https://www.youtube.com/watch?v=MOXLCjL4Ik4,44.680,2.100,8,1,28,0,1,0,3,2,3,3,0.0,0.9375,0.0,0.0,0.0,0.9375,1
https://www.youtube.com/watch?v=MOXLCjL4Ik4,44.680,2.100,8,1,33,0,1,0,3,2,3,3,0.0,0.8,0.0,0.0,0.0,0.8,1
https://www.youtube.com/watch?v=MOXLCjL4Ik4,44.680,2.100,8,0,27,0,1,0,3,2,3,3,0.0,0.2625,0.0,0.0,0.0,0.2625,1
https://www.youtube.com/watch?v=MOXLCjL4Ik4,44.680,2.100,8,3,37,0,1,0,3,2,3,3,0.0,0.25,0.0,0.0,0.0,0.25,1
https://www.youtube.com/watch?v=MOXLCjL4Ik4,44.680,2.100,8,3,23,0,1,0,3,2,3,3,0.0,1.0,0.0,0.0,0.0,1.0,1
https://www.youtube.com/watch?v=MOXLCjL4Ik4,44.680,2.100,8,0,54,0,1,0,3,2,3,3,0.0,0.875,0.0,0.0,0.0,0.875,1
https://www.youtube.com/watch?v=MOXLCjL4Ik4,44.680,2.100,8,0,161,0,1,0,3,2,3,3,0.145,0.45208333333333334,0.0,0.0,0.145,0.21041666666666667,0
https://www.youtube.com/watch?v=MOXLCjL4Ik4,44.680,2.100,8,0,236,0,1,0,3,2,3,3,0.0,0.65625,0.0,0.0,0.0,0.65625,1
https://www.youtube.com/watch?v=MOXLCjL4Ik4,44.680,2.100,8,0,24,0,1,0,3,2,3,3,0.0,1.0,0.0,0.0,0.0,1.0,1
https://www.youtube.com/watch?v=MOXLCjL4Ik4,44.680,2.100,8,1,52,0,1,0,3,2,3,3,0.0,0.525,0.0,0.0,0.0,0.525,1
https://www.youtube.com/watch?v=MOXLCjL4Ik4,44.680,2.100,8,0,18,0,1,0,3,2,3,3,0.0,1.0,0.0,0.0,0.0,1.0,1
https://www.youtube.com/watch?v=MOXLCjL4Ik4,44.680,2.100,8,0,11,0,1,1,3,2,3,3,0.0,1.0,0.0,0.0,0.0,1.0,1
https://www.youtube.com/watch?v=MOXLCjL4Ik4,44.680,2.100,8,0,34,0,1,0,3,2,3,3,0.21,0.6,0.21,0.0,0.21,0.39,0
https://www.youtube.com/watch?v=MOXLCjL4Ik4,44.680,2.100,8,1,20,0,1,0,3,2,3,3,0.0,1.0,0.0,0.0,0.0,1.0,1
https://www.youtube.com/watch?v=MOXLCjL4Ik4,44.680,2.100,8,2,100,0,1,0,3,2,3,3,0.0,0.8604166666666667,0.0,0.0,0.0,0.8604166666666667,1
https://www.youtube.com/watch?v=MOXLCjL4Ik4,44.680,2.100,8,2,59,0,1,0,3,2,3,3,0.0,0.525,0.0,0.0,0.0,0.525,1
https://www.youtube.com/watch?v=MOXLCjL4Ik4,44.680,2.100,8,0,10,1,0,0,3,2,3,3,0.0,1.0,0.0,0.0,0.0,1.0,1
https://www.youtube.com/watch?v=MOXLCjL4Ik4,44.680,2.100,8,0,186,0,1,0,3,2,3,3,0.175,0.3675,0.0,0.35,0.0,0.0175,0
https://www.youtube.com/watch?v=MOXLCjL4Ik4,44.680,2.100,8,1,9,0,1,0,3,2,3,3,0.0,1.0,0.0,0.0,0.0,1.0,1
https://www.youtube.com/watch?v=MOXLCjL4Ik4,44.680,2.100,8,1,290,0,1,0,3,2,3,3,0.0,0.74375,0.0,0.0,0.0,0.74375,1
https://www.youtube.com/watch?v=MOXLCjL4Ik4,44.680,2.100,8,1,9,0,1,0,3,2,3,3,0.0,1.0,0.0,0.0,0.0,1.0,1
https://www.youtube.com/watch?v=MOXLCjL4Ik4,44.680,2.100,8,0,22,0,1,0,3,2,3,3,0.0,0.25,0.0,0.0,0.0,0.25,1
https://www.youtube.com/watch?v=MOXLCjL4Ik4,44.680,2.100,8,0,74,0,1,0,3,2,3,3,0.0,0.39375,0.0,0.0,0.0,0.39375,1
https://www.youtube.com/watch?v=MOXLCjL4Ik4,44.680,2.100,8,0,88,0,1,0,3,2,3,3,0.25833333333333336,0.145,0.0,0.775,1.0,-0.7916666666666666,0
https://www.youtube.com/watch?v=MOXLCjL4Ik4,44.680,2.100,8,0,229,0,1,0,3,2,3,3,0.1425,0.5145833333333333,0.0,0.1425,0.1425,0.4270833333333333,1
https://www.youtube.com/watch?v=MOXLCjL4Ik4,44.680,2.100,8,1,34,0,1,0,3,2,3,3,0.0,0.0,0.0,0.0,0.0,0.0,0
https://www.youtube.com/watch?v=MOXLCjL4Ik4,44.680,2.100,8,0,33,0,1,0,3,2,3,3,0.0,0.525,0.0,0.0,0.0,0.525,1
https://www.youtube.com/watch?v=MOXLCjL4Ik4,44.680,2.100,8,3,40,0,1,0,3,2,3,3,0.0,0.35,0.0,0.0,0.0,0.35,1
https://www.youtube.com/watch?v=MOXLCjL4Ik4,44.680,2.100,8,0,12,0,1,0,3,2,3,3,0.0,1.0,0.0,0.0,0.0,1.0,1
https://www.youtube.com/watch?v=MOXLCjL4Ik4,44.680,2.100,8,1,187,1,0,0,3,2,3,3,0.4,1.0,0.0,0.0,0.0,0.02,0
https://www.youtube.com/watch?v=MOXLCjL4Ik4,44.680,2.100,8,0,17,0,1,0,3,2,3,3,0.0,1.0,0.0,0.0,0.0,1.0,1
https://www.youtube.com/watch?v=MOXLCjL4Ik4,44.680,2.100,8,0,29,0,1,0,3,2,3,3,0.0,0.0,0.0,0.0,0.0,0.0,0
https://www.youtube.com/watch?v=MOXLCjL4Ik4,44.680,2.100,8,0,10,0,1,0,3,2,3,3,0.0,0.525,0.0,0.0,0.0,0.525,1
https://www.youtube.com/watch?v=MOXLCjL4Ik4,44.680,2.100,8,0,8,0,1,0,3,2,3,3,0.0,1.0,0.0,0.0,0.0,1.0,1
https://www.youtube.com/watch?v=MOXLCjL4Ik4,44.680,2.100,8,1,52,0,1,1,3,2,3,3,0.0,1.0,0.0,0.0,0.0,1.0,1
https://www.youtube.com/watch?v=MOXLCjL4Ik4,44.680,2.100,8,0,8,0,1,0,3,2,3,3,0.0,1.0,0.0,0.0,0.0,1.0,1
https://www.youtube.com/watch?v=MOXLCjL4Ik4,44.680,2.100,8,0,60,0,1,0,3,2,3,3,0.25,0.15,0.0,0.0,0.5,-0.25,0
https://www.youtube.com/watch?v=MOXLCjL4Ik4,44.680,2.100,8,0,5,0,1,0,3,2,3,3,0.0,1.0,0.0,0.0,0.0,1.0,1
https://www.youtube.com/watch?v=pMPlngyWHLM,45.000,2.100,11,1,604,0,1,0,4,3,3,3,0.336,0.42,0.0,0.168,0.0,0.168,0
https://www.youtube.com/watch?v=pMPlngyWHLM,45.000,2.100,11,9,108,0,1,0,4,3,3,3,0.0,0.525,0.0,0.0,0.0,0.525,1
https://www.youtube.com/watch?v=pMPlngyWHLM,45.000,2.100,11,0,121,0,1,0,4,3,3,3,0.0,0.9375,0.0,0.0,0.0,0.9375,1
https://www.youtube.com/watch?v=pMPlngyWHLM,45.000,2.100,11,0,58,0,1,1,4,3,3,3,0.0,0.525,0.0,0.0,0.0,0.525,1
https://www.youtube.com/watch?v=pMPlngyWHLM,45.000,2.100,11,0,124,0,1,0,4,3,3,3,0.0,0.78125,0.0,0.0,0.0,0.78125,1
https://www.youtube.com/watch?v=pMPlngyWHLM,45.000,2.100,11,0,58,0,1,0,4,3,3,3,0.0,0.2625,0.0,0.0,0.0,0.2625,1
https://www.youtube.com/watch?v=pMPlngyWHLM,45.000,2.100,11,0,231,0,1,0,4,3,3,3,0.0,0.8575,0.0,0.0,0.0,0.8575,1
https://www.youtube.com/watch?v=pMPlngyWHLM,45.000,2.100,11,0,107,0,1,0,4,3,3,3,0.0,0.65625,0.0,0.0,0.0,0.65625,1
https://www.youtube.com/watch?v=pMPlngyWHLM,45.000,2.100,11,1,61,0,1,0,4,3,3,3,0.0,0.525,0.0,0.0,0.0,0.525,1
https://www.youtube.com/watch?v=pMPlngyWHLM,45.000,2.100,11,0,236,0,1,0,4,3,3,3,0.15,0.7166666666666667,0.0,0.15,0.15,0.6333333333333333,1
https://www.youtube.com/watch?v=pMPlngyWHLM,45.000,2.100,11,0,35,0,1,1,4,3,3,3,0.0,0.9895833333333334,0.0,0.0,0.0,0.9895833333333334,1
https://www.youtube.com/watch?v=pMPlngyWHLM,45.000,2.100,11,1,109,0,1,0,4,3,3,3,0.0,0.0,0.0,0.0,0.0,0.0,0
https://www.youtube.com/watch?v=pMPlngyWHLM,45.000,2.100,11,0,30,0,1,0,4,3,3,3,0.0,0.9375,0.0,0.0,0.0,0.9375,1
https://www.youtube.com/watch?v=pMPlngyWHLM,45.000,2.100,11,0,41,0,1,0,4,3,3,3,0.0,0.9375,0.0,0.0,0.0,0.9375,1
https://www.youtube.com/watch?v=pMPlngyWHLM,45.000,2.100,11,0,119,0,1,0,4,3,3,3,0.0,0.4166666666666667,0.0,0.0,0.0,0.4166666666666667,1
https://www.youtube.com/watch?v=pMPlngyWHLM,45.000,2.100,11,0,60,0,1,0,4,3,3,3,0.0,1.0,0.0,0.0,0.0,1.0,1
https://www.youtube.com/watch?v=pMPlngyWHLM,45.000,2.100,11,1,10,0,1,0,4,3,3,3,0.0,1.0,0.0,0.0,0.0,1.0,1
https://www.youtube.com/watch?v=pMPlngyWHLM,45.000,2.100,11,0,12,0,1,0,4,3,3,3,0.0,0.7875,0.0,0.0,0.0,0.7875,1
https://www.youtube.com/watch?v=pMPlngyWHLM,45.000,2.100,11,0,298,0,1,0,4,3,3,3,0.0,0.56875,0.0,0.0,0.0,0.56875,1
https://www.youtube.com/watch?v=pMPlngyWHLM,45.000,2.100,11,0,13,0,1,0,4,3,3,3,0.0,1.0,0.0,0.0,0.0,1.0,1
https://www.youtube.com/watch?v=pMPlngyWHLM,45.000,2.100,11,0,56,0,1,0,4,3,3,3,0.0,1.0,0.0,0.0,0.0,1.0,1
https://www.youtube.com/watch?v=pMPlngyWHLM,45.000,2.100,11,0,18,0,1,0,4,3,3,3,0.0,1.0,0.0,0.0,0.0,1.0,1
https://www.youtube.com/watch?v=pMPlngyWHLM,45.000,2.100,11,0,23,0,1,0,4,3,3,3,0.0,0.625,0.0,0.0,0.0,0.625,1
https://www.youtube.com/watch?v=pMPlngyWHLM,45.000,2.100,11,0,9,0,1,0,4,3,3,3,0.0,1.0,0.0,0.0,0.0,1.0,1
https://www.youtube.com/watch?v=pMPlngyWHLM,45.000,2.100,11,0,42,0,1,0,4,3,3,3,0.0,1.0,0.0,0.0,0.0,1.0,1
https://www.youtube.com/watch?v=pMPlngyWHLM,45.000,2.100,11,0,22,0,1,0,4,3,3,3,0.0,1.0,0.0,0.0,0.0,1.0,1
https://www.youtube.com/watch?v=pMPlngyWHLM,45.000,2.100,11,0,21,0,1,0,4,3,3,3,0.0,1.0,0.0,0.0,0.0,1.0,1
https://www.youtube.com/watch?v=pMPlngyWHLM,45.000,2.100,11,1,25,0,1,0,4,3,3,3,0.0,1.0,0.0,0.0,0.0,1.0,1
https://www.youtube.com/watch?v=pMPlngyWHLM,45.000,2.100,11,0,10,0,1,0,4,3,3,3,0.0,1.0,0.0,0.0,0.0,1.0,1
https://www.youtube.com/watch?v=pMPlngyWHLM,45.000,2.100,11,0,128,0,1,0,4,3,3,3,0.0,0.4375,0.0,0.0,0.0,0.4375,1
https://www.youtube.com/watch?v=pMPlngyWHLM,45.000,2.100,11,2,28,0,1,0,4,3,3,3,0.0,1.0,0.0,0.0,0.0,1.0,1
https://www.youtube.com/watch?v=pMPlngyWHLM,45.000,2.100,11,1,495,1,0,0,4,3,3,3,0.16927083333333334,0.7723148148148148,0.16791666666666666,0.0,0.16791666666666666,0.5198842592592593,0
https://www.youtube.com/watch?v=pMPlngyWHLM,45.000,2.100,11,0,89,1,0,0,4,3,3,3,0.0,0.9625,0.0,0.0,0.0,0.9625,1
https://www.youtube.com/watch?v=pMPlngyWHLM,45.000,2.100,11,0,74,0,1,0,4,3,3,3,0.0,0.0,0.0,0.0,0.0,0.0,0
https://www.youtube.com/watch?v=pMPlngyWHLM,45.000,2.100,11,0,61,0,1,0,4,3,3,3,0.0,0.9375,0.0,0.0,0.0,0.9375,1
https://www.youtube.com/watch?v=pMPlngyWHLM,45.000,2.100,11,0,53,0,1,0,4,3,3,3,0.0,0.0,0.0,0.0,0.0,0.0,0
https://www.youtube.com/watch?v=pMPlngyWHLM,45.000,2.100,11,1,80,1,0,0,4,3,3,3,0.0,0.2625,0.0,0.0,0.0,0.2625,1
https://www.youtube.com/watch?v=pMPlngyWHLM,45.000,2.100,11,0,14,0,1,0,4,3,3,3,0.0,0.7875,0.0,0.0,0.0,0.7875,1
https://www.youtube.com/watch?v=pMPlngyWHLM,45.000,2.100,11,0,28,0,1,0,4,3,3,3,0.0,0.0,0.0,0.0,0.0,0.0,0
https://www.youtube.com/watch?v=pMPlngyWHLM,45.000,2.100,11,0,15,1,0,0,4,3,3,3,0.0,1.0,0.0,0.0,0.0,1.0,1
https://www.youtube.com/watch?v=pMPlngyWHLM,45.000,2.100,11,0,32,0,1,0,4,3,3,3,0.0,0.0,0.0,0.0,0.0,0.0,0
https://www.youtube.com/watch?v=pMPlngyWHLM,45.000,2.100,11,0,4,0,1,0,4,3,3,3,0.0,0.75,0.0,0.0,0.0,0.75,1
https://www.youtube.com/watch?v=pMPlngyWHLM,45.000,2.100,11,0,69,1,0,0,4,3,3,3,0.0,0.25,0.0,0.0,0.0,0.25,1
https://www.youtube.com/watch?v=pMPlngyWHLM,45.000,2.100,11,0,33,0,1,0,4,3,3,3,0.0,0.0,0.0,0.0,0.0,0.0,0
https://www.youtube.com/watch?v=PQzUj5Hd0jk,305.766,18000,37,10,138,0,1,0,2,3,3,2,0.0,0.0,0.0,0.0,0.0,0.0,0
https://www.youtube.com/watch?v=PQzUj5Hd0jk,305.766,18000,37,54,64,0,1,0,2,3,3,2,0.0,0.65625,0.0,0.0,0.0,0.65625,1
https://www.youtube.com/watch?v=PQzUj5Hd0jk,305.766,18000,37,110,261,0,1,0,2,3,3,2,0.0,0.5265625,0.0,0.0,0.0,0.5265625,1
https://www.youtube.com/watch?v=PQzUj5Hd0jk,305.766,18000,37,24,391,0,1,0,2,3,3,2,0.412,0.518125,0.0,0.0,0.0,0.21225,0
https://www.youtube.com/watch?v=PQzUj5Hd0jk,305.766,18000,37,33,93,1,0,0,2,3,3,2,0.0,0.78125,0.0,0.0,0.0,0.78125,1
https://www.youtube.com/watch?v=PQzUj5Hd0jk,305.766,18000,37,41,359,1,0,0,2,3,3,2,0.0,0.5229166666666667,0.0,0.0,0.0,0.5229166666666667,1
https://www.youtube.com/watch?v=PQzUj5Hd0jk,305.766,18000,37,1,703,0,1,0,2,3,3,2,0.22125,0.6774305555555555,0.15,0.0,0.0,0.5420138888888889,1
https://www.youtube.com/watch?v=PQzUj5Hd0jk,305.766,18000,37,2,154,0,1,0,2,3,3,2,0.0,1.0,0.0,0.0,0.0,1.0,1
https://www.youtube.com/watch?v=PQzUj5Hd0jk,305.766,18000,37,0,288,0,1,0,2,3,3,2,0.0,0.9364583333333333,0.0,0.0,0.0,0.9364583333333333,1
https://www.youtube.com/watch?v=PQzUj5Hd0jk,305.766,18000,37,3,337,0,1,0,2,3,3,2,0.78,0.3705,0.0,0.0,1.0,-0.5525,0
https://www.youtube.com/watch?v=PQzUj5Hd0jk,305.766,18000,37,0,118,0,1,0,2,3,3,2,0.0,1.0,0.0,0.0,0.0,1.0,1
https://www.youtube.com/watch?v=PQzUj5Hd0jk,305.766,18000,37,14,45,0,1,0,2,3,3,2,0.0,0.775,0.0,0.0,0.0,0.775,1
https://www.youtube.com/watch?v=PQzUj5Hd0jk,305.766,18000,37,24,39,0,1,0,2,3,3,2,0.0,0.2625,0.0,0.0,0.0,0.2625,1
https://www.youtube.com/watch?v=PQzUj5Hd0jk,305.766,18000,37,1,177,0,1,0,2,3,3,2,0.0,0.6052083333333333,0.0,0.0,0.0,0.6052083333333333,1
https://www.youtube.com/watch?v=PQzUj5Hd0jk,305.766,18000,37,0,80,0,1,0,2,3,3,2,0.0,0.8833333333333333,0.0,0.0,0.0,0.8833333333333333,1
https://www.youtube.com/watch?v=PQzUj5Hd0jk,305.766,18000,37,14,114,0,1,0,2,3,3,2,0.0,0.49375,0.0,0.0,0.0,0.49375,1
https://www.youtube.com/watch?v=PQzUj5Hd0jk,305.766,18000,37,1,71,0,1,0,2,3,3,2,0.0,0.459375,0.0,0.0,0.0,0.459375,1
https://www.youtube.com/watch?v=PQzUj5Hd0jk,305.766,18000,37,1,477,0,1,0,2,3,3,2,0.0,0.2625,0.0,0.0,0.0,0.2625,1
https://www.youtube.com/watch?v=PQzUj5Hd0jk,305.766,18000,37,0,81,0,1,0,2,3,3,2,0.0,0.3875,0.0,0.0,0.0,0.3875,1
https://www.youtube.com/watch?v=PQzUj5Hd0jk,305.766,18000,37,0,1187,1,0,0,2,3,3,2,0.0,0.495625,0.0,0.0,0.0,0.495625,1
https://www.youtube.com/watch?v=PQzUj5Hd0jk,305.766,18000,37,0,93,0,1,0,2,3,3,2,0.0,0.525,0.0,0.0,0.0,0.525,1
https://www.youtube.com/watch?v=PQzUj5Hd0jk,305.766,18000,37,5,34,0,1,0,2,3,3,2,0.0,0.625,0.0,0.0,0.0,0.625,1
https://www.youtube.com/watch?v=PQzUj5Hd0jk,305.766,18000,37,0,58,0,1,0,2,3,3,2,0.0,0.875,0.0,0.0,0.0,0.875,1
https://www.youtube.com/watch?v=PQzUj5Hd0jk,305.766,18000,37,0,46,0,1,0,2,3,3,2,0.0,0.7875,0.0,0.0,0.0,0.7875,1
https://www.youtube.com/watch?v=PQzUj5Hd0jk,305.766,18000,37,1,135,0,1,0,2,3,3,2,0.0,1.0,0.0,0.0,0.0,1.0,1
https://www.youtube.com/watch?v=PQzUj5Hd0jk,305.766,18000,37,0,61,0,1,0,2,3,3,2,0.0,0.625,0.0,0.0,0.0,0.625,1
https://www.youtube.com/watch?v=PQzUj5Hd0jk,305.766,18000,37,0,69,0,1,0,2,3,3,2,0.0,1.0,0.0,0.0,0.0,1.0,1
https://www.youtube.com/watch?v=PQzUj5Hd0jk,305.766,18000,37,0,85,0,1,0,2,3,3,2,0.0,0.7875,0.0,0.0,0.0,0.7875,1
https://www.youtube.com/watch?v=PQzUj5Hd0jk,305.766,18000,37,0,45,0,1,0,2,3,3,2,0.0,1.0,0.0,0.0,0.0,1.0,1
https://www.youtube.com/watch?v=PQzUj5Hd0jk,305.766,18000,37,0,60,0,1,0,2,3,3,2,0.0,0.3125,0.0,0.0,0.0,0.3125,1
https://www.youtube.com/watch?v=PQzUj5Hd0jk,305.766,18000,37,0,93,0,1,0,2,3,3,2,0.0,1.0,0.0,0.0,0.0,1.0,1
https://www.youtube.com/watch?v=PQzUj5Hd0jk,305.766,18000,37,0,381,0,1,0,2,3,3,2,0.0,0.93125,0.0,0.0,0.0,0.93125,1
https://www.youtube.com/watch?v=PQzUj5Hd0jk,305.766,18000,37,0,90,0,1,0,2,3,3,2,0.0,0.9375,0.0,0.0,0.0,0.9375,1
https://www.youtube.com/watch?v=PQzUj5Hd0jk,305.766,18000,37,2,61,0,1,0,2,3,3,2,0.0,0.7875,0.0,0.0,0.0,0.7875,1
https://www.youtube.com/watch?v=PQzUj5Hd0jk,305.766,18000,37,1,76,0,1,0,2,3,3,2,0.0,0.875,0.0,0.0,0.0,0.875,1
https://www.youtube.com/watch?v=PQzUj5Hd0jk,305.766,18000,37,0,40,0,1,0,2,3,3,2,0.0,0.6125,0.0,0.0,0.0,0.6125,1
https://www.youtube.com/watch?v=PQzUj5Hd0jk,305.766,18000,37,0,133,0,1,0,2,3,3,2,0.0,1.0,0.0,0.0,0.0,1.0,1
https://www.youtube.com/watch?v=PQzUj5Hd0jk,305.766,18000,37,2,87,0,1,0,2,3,3,2,0.0,0.6416666666666667,0.0,0.0,0.0,0.6416666666666667,1
https://www.youtube.com/watch?v=PQzUj5Hd0jk,305.766,18000,37,0,91,0,1,0,2,3,3,2,0.0,0.7,0.0,0.0,0.0,0.7,1
https://www.youtube.com/watch?v=PQzUj5Hd0jk,305.766,18000,37,0,119,0,1,0,2,3,3,2,0.0,0.503125,0.0,0.0,0.0,0.503125,1
https://www.youtube.com/watch?v=PQzUj5Hd0jk,305.766,18000,37,0,71,0,1,0,2,3,3,2,0.0,0.39375,0.0,0.0,0.0,0.39375,1
https://www.youtube.com/watch?v=PQzUj5Hd0jk,305.766,18000,37,0,59,0,1,0,2,3,3,2,0.0,1.0,0.0,0.0,0.0,1.0,1
https://www.youtube.com/watch?v=PQzUj5Hd0jk,305.766,18000,37,0,111,0,1,0,2,3,3,2,0.0,0.8041666666666667,0.0,0.0,0.0,0.8041666666666667,1
https://www.youtube.com/watch?v=PQzUj5Hd0jk,305.766,18000,37,0,75,0,1,0,2,3,3,2,0.0,0.7625,0.0,0.0,0.0,0.7625,1
https://www.youtube.com/watch?v=PQzUj5Hd0jk,305.766,18000,37,1,337,0,1,0,2,3,3,2,0.7,0.5002083333333334,0.0,0.0,0.0,-0.19979166666666667,0
https://www.youtube.com/watch?v=PQzUj5Hd0jk,305.766,18000,37,0,42,0,1,0,2,3,3,2,0.0,1.0,0.0,0.0,0.0,1.0,1
https://www.youtube.com/watch?v=PQzUj5Hd0jk,305.766,18000,37,0,45,0,1,0,2,3,3,2,0.0,1.0,0.0,0.0,0.0,1.0,1
https://www.youtube.com/watch?v=PQzUj5Hd0jk,305.766,18000,37,1,97,0,1,0,2,3,3,2,0.0,1.0,0.0,0.0,0.0,1.0,1
https://www.youtube.com/watch?v=PQzUj5Hd0jk,305.766,18000,37,1,39,0,1,0,2,3,3,2,0.0,0.8925,0.0,0.0,0.0,0.8925,1
https://www.youtube.com/watch?v=PQzUj5Hd0jk,305.766,18000,37,0,220,0,1,0,2,3,3,2,0.0,0.8275,0.0,0.0,0.0,0.8275,1
https://www.youtube.com/watch?v=PQzUj5Hd0jk,305.766,18000,37,1,72,0,1,0,2,3,3,2,0.0,1.0,0.0,0.0,0.0,1.0,1
https://www.youtube.com/watch?v=PQzUj5Hd0jk,305.766,18000,37,0,61,0,1,0,2,3,3,2,0.0,1.0,0.0,0.0,0.0,1.0,1
https://www.youtube.com/watch?v=PQzUj5Hd0jk,305.766,18000,37,0,191,0,1,0,2,3,3,2,0.0,1.0,0.0,0.0,0.0,1.0,1
https://www.youtube.com/watch?v=PQzUj5Hd0jk,305.766,18000,37,0,105,0,1,0,2,3,3,2,0.0,0.74375,0.0,0.0,0.0,0.74375,1
https://www.youtube.com/watch?v=PQzUj5Hd0jk,305.766,18000,37,1,16,0,1,0,2,3,3,2,0.0,0.7291666666666666,0.0,0.0,0.0,0.7291666666666666,1
https://www.youtube.com/watch?v=PQzUj5Hd0jk,305.766,18000,37,0,85,0,1,0,2,3,3,2,0.0,1.0,0.0,0.0,0.0,1.0,1
https://www.youtube.com/watch?v=PQzUj5Hd0jk,305.766,18000,37,1,35,0,1,0,2,3,3,2,0.0,0.25,0.0,0.0,0.0,0.25,1
https://www.youtube.com/watch?v=PQzUj5Hd0jk,305.766,18000,37,0,100,0,1,0,2,3,3,2,0.0,0.55,0.0,0.0,0.0,0.55,1
https://www.youtube.com/watch?v=PQzUj5Hd0jk,305.766,18000,37,0,62,0,1,0,2,3,3,2,0.0,0.79375,0.0,0.0,0.0,0.79375,1
https://www.youtube.com/watch?v=PQzUj5Hd0jk,305.766,18000,37,2,58,0,1,0,2,3,3,2,0.0,0.853125,0.0,0.0,0.0,0.853125,1
https://www.youtube.com/watch?v=PQzUj5Hd0jk,305.766,18000,37,0,125,0,1,0,2,3,3,2,0.0,0.65625,0.0,0.0,0.0,0.65625,1
https://www.youtube.com/watch?v=PQzUj5Hd0jk,305.766,18000,37,0,85,0,1,0,2,3,3,2,0.0,0.7229166666666667,0.0,0.0,0.0,0.7229166666666667,1
https://www.youtube.com/watch?v=PQzUj5Hd0jk,305.766,18000,37,1,158,0,1,0,2,3,3,2,0.0,0.8859375,0.0,0.0,0.0,0.8859375,1
https://www.youtube.com/watch?v=PQzUj5Hd0jk,305.766,18000,37,0,37,0,1,0,2,3,3,2,0.0,0.2625,0.0,0.0,0.0,0.2625,1
https://www.youtube.com/watch?v=PQzUj5Hd0jk,305.766,18000,37,3,28,0,1,0,2,3,3,2,0.0,0.91875,0.0,0.0,0.0,0.91875,1
https://www.youtube.com/watch?v=PQzUj5Hd0jk,305.766,18000,37,0,54,0,1,0,2,3,3,2,0.0,0.7083333333333334,0.0,0.0,0.0,0.7083333333333334,1
https://www.youtube.com/watch?v=PQzUj5Hd0jk,305.766,18000,37,1,26,0,1,0,2,3,3,2,0.0,1.0,0.0,0.0,0.0,1.0,1
https://www.youtube.com/watch?v=PQzUj5Hd0jk,305.766,18000,37,0,42,0,1,0,2,3,3,2,0.0,0.0,0.0,0.0,0.0,0.0,0
https://www.youtube.com/watch?v=PQzUj5Hd0jk,305.766,18000,37,0,27,0,1,0,2,3,3,2,0.0,1.0,0.0,0.0,0.0,1.0,1
https://www.youtube.com/watch?v=PQzUj5Hd0jk,305.766,18000,37,0,61,0,1,0,2,3,3,2,0.0,1.0,0.0,0.0,0.0,1.0,1
https://www.youtube.com/watch?v=PQzUj5Hd0jk,305.766,18000,37,0,220,1,0,0,2,3,3,2,0.0,0.2625,0.0,0.0,0.0,0.2625,1
https://www.youtube.com/watch?v=PQzUj5Hd0jk,305.766,18000,37,7,171,0,1,0,2,3,3,2,0.2625,0.0,0.0,0.0,0.0,-0.2625,-1
https://www.youtube.com/watch?v=PQzUj5Hd0jk,305.766,18000,37,0,157,0,1,0,2,3,3,2,0.5,0.6591666666666667,0.0,0.0,0.0,0.58875,0
https://www.youtube.com/watch?v=PQzUj5Hd0jk,305.766,18000,37,0,56,0,1,0,2,3,3,2,0.0,1.0,0.0,0.0,0.0,1.0,1
https://www.youtube.com/watch?v=PQzUj5Hd0jk,305.766,18000,37,0,27,0,1,0,2,3,3,2,0.0,0.0,0.0,0.0,0.0,0.0,0
https://www.youtube.com/watch?v=PQzUj5Hd0jk,305.766,18000,37,0,94,0,1,0,2,3,3,2,0.285,1.0,0.0,0.0,0.0,0.7,1
https://www.youtube.com/watch?v=PQzUj5Hd0jk,305.766,18000,37,1,35,0,1,0,2,3,3,2,0.0,1.0,0.0,0.0,0.0,1.0,1
https://www.youtube.com/watch?v=PQzUj5Hd0jk,305.766,18000,37,1,22,0,1,0,2,3,3,2,0.0,0.0,0.0,0.0,0.0,0.0,0
https://www.youtube.com/watch?v=PQzUj5Hd0jk,305.766,18000,37,0,47,0,1,0,2,3,3,2,0.0,1.0,0.0,0.0,0.0,1.0,1
https://www.youtube.com/watch?v=PQzUj5Hd0jk,305.766,18000,37,0,66,0,1,0,2,3,3,2,0.0,0.9375,0.0,0.0,0.0,0.9375,1
https://www.youtube.com/watch?v=PQzUj5Hd0jk,305.766,18000,37,0,31,0,1,0,2,3,3,2,0.0,0.0,0.0,0.0,0.0,0.0,0
https://www.youtube.com/watch?v=PQzUj5Hd0jk,305.766,18000,37,0,37,0,1,0,2,3,3,2,0.0,0.3125,0.0,0.0,0.0,0.3125,1
https://www.youtube.com/watch?v=PQzUj5Hd0jk,305.766,18000,37,0,332,0,1,0,2,3,3,2,0.2475,0.7569047619047619,0.2475,0.2475,0.0,0.5094047619047619,0
https://www.youtube.com/watch?v=PQzUj5Hd0jk,305.766,18000,37,0,57,0,1,0,2,3,3,2,0.0,1.0,0.0,0.0,0.0,1.0,1
https://www.youtube.com/watch?v=PQzUj5Hd0jk,305.766,18000,37,0,18,0,1,0,2,3,3,2,0.0,0.9625,0.0,0.0,0.0,0.9625,1
https://www.youtube.com/watch?v=PQzUj5Hd0jk,305.766,18000,37,0,41,0,1,0,2,3,3,2,0.0,1.0,0.0,0.0,0.0,1.0,1
https://www.youtube.com/watch?v=PQzUj5Hd0jk,305.766,18000,37,1,37,0,1,0,2,3,3,2,0.0,1.0,0.0,0.0,0.0,1.0,1
https://www.youtube.com/watch?v=PQzUj5Hd0jk,305.766,18000,37,0,10,0,1,0,2,3,3,2,0.0,1.0,0.0,0.0,0.0,1.0,1
https://www.youtube.com/watch?v=PQzUj5Hd0jk,305.766,18000,37,0,84,0,1,0,2,3,3,2,0.0,0.74375,0.0,0.0,0.0,0.74375,1
https://www.youtube.com/watch?v=PQzUj5Hd0jk,305.766,18000,37,0,270,0,1,0,2,3,3,2,0.34125,0.46708333333333335,0.34125,0.170625,0.0,0.12583333333333332,0
https://www.youtube.com/watch?v=PQzUj5Hd0jk,305.766,18000,37,1,27,0,1,0,2,3,3,2,0.0,1.0,0.0,0.0,0.0,1.0,1
https://www.youtube.com/watch?v=PQzUj5Hd0jk,305.766,18000,37,0,70,0,1,0,2,3,3,2,0.0,0.78125,0.0,0.0,0.0,0.78125,1
https://www.youtube.com/watch?v=PQzUj5Hd0jk,305.766,18000,37,0,42,0,1,0,2,3,3,2,0.0,0.9625,0.0,0.0,0.0,0.9625,1
https://www.youtube.com/watch?v=PQzUj5Hd0jk,305.766,18000,37,0,46,0,1,0,2,3,3,2,0.0,1.0,0.0,0.0,0.0,1.0,1
https://www.youtube.com/watch?v=PQzUj5Hd0jk,305.766,18000,37,0,58,0,1,0,2,3,3,2,0.0,0.525,0.0,0.0,0.0,0.525,1
https://www.youtube.com/watch?v=PQzUj5Hd0jk,305.766,18000,37,3,17,0,1,0,2,3,3,2,0.0,1.0,0.0,0.0,0.0,1.0,1
https://www.youtube.com/watch?v=PQzUj5Hd0jk,305.766,18000,37,0,32,0,1,0,2,3,3,2,0.0,0.675,0.0,0.0,0.0,0.675,1
https://www.youtube.com/watch?v=PQzUj5Hd0jk,305.766,18000,37,0,33,0,1,0,2,3,3,2,0.0,1.0,0.0,0.0,0.0,1.0,1
https://www.youtube.com/watch?v=PQzUj5Hd0jk,305.766,18000,37,0,57,0,1,0,2,3,3,2,0.0,0.91875,0.0,0.0,0.0,0.91875,1
https://www.youtube.com/watch?v=PQzUj5Hd0jk,305.766,18000,37,0,19,0,1,0,2,3,3,2,0.0,1.0,0.0,0.0,0.0,1.0,1
https://www.youtube.com/watch?v=PQzUj5Hd0jk,305.766,18000,37,0,299,0,1,0,2,3,3,2,0.0,0.7234375,0.0,0.0,0.0,0.7234375,1
https://www.youtube.com/watch?v=PQzUj5Hd0jk,305.766,18000,37,0,36,0,1,0,2,3,3,2,0.0,0.9375,0.0,0.0,0.0,0.9375,1
https://www.youtube.com/watch?v=PQzUj5Hd0jk,305.766,18000,37,0,38,0,1,0,2,3,3,2,0.0,1.0,0.0,0.0,0.0,1.0,1
https://www.youtube.com/watch?v=PQzUj5Hd0jk,305.766,18000,37,0,384,0,1,0,2,3,3,2,0.0,0.7425,0.0,0.0,0.0,0.7425,1
https://www.youtube.com/watch?v=PQzUj5Hd0jk,305.766,18000,37,0,22,0,1,0,2,3,3,2,0.0,1.0,0.0,0.0,0.0,1.0,1
https://www.youtube.com/watch?v=PQzUj5Hd0jk,305.766,18000,37,0,20,0,1,0,2,3,3,2,0.0,0.625,0.0,0.0,0.0,0.625,1
https://www.youtube.com/watch?v=PQzUj5Hd0jk,305.766,18000,37,0,120,0,1,0,2,3,3,2,0.0,0.721875,0.0,0.0,0.0,0.721875,1
https://www.youtube.com/watch?v=PQzUj5Hd0jk,305.766,18000,37,0,115,0,1,0,2,3,3,2,0.0,0.945,0.0,0.0,0.0,0.945,1
https://www.youtube.com/watch?v=PQzUj5Hd0jk,305.766,18000,37,0,24,0,1,0,2,3,3,2,0.0,0.7875,0.0,0.0,0.0,0.7875,1
https://www.youtube.com/watch?v=PQzUj5Hd0jk,305.766,18000,37,0,14,0,1,0,2,3,3,2,0.0,1.0,0.0,0.0,0.0,1.0,1
https://www.youtube.com/watch?v=PQzUj5Hd0jk,305.766,18000,37,0,120,0,1,0,2,3,3,2,0.6,1.0,0.0,0.0,0.0,0.0,0
https://www.youtube.com/watch?v=PQzUj5Hd0jk,305.766,18000,37,0,67,0,1,0,2,3,3,2,0.0,0.9375,0.0,0.0,0.0,0.9375,1
https://www.youtube.com/watch?v=PQzUj5Hd0jk,305.766,18000,37,0,85,0,1,0,2,3,3,2,0.0,0.65625,0.0,0.0,0.0,0.65625,1
https://www.youtube.com/watch?v=PQzUj5Hd0jk,305.766,18000,37,0,25,0,1,0,2,3,3,2,0.0,1.0,0.0,0.0,0.0,1.0,1
https://www.youtube.com/watch?v=PQzUj5Hd0jk,305.766,18000,37,0,102,0,1,0,2,3,3,2,0.0,0.0,0.0,0.0,0.0,0.0,0
https://www.youtube.com/watch?v=PQzUj5Hd0jk,305.766,18000,37,0,21,0,1,0,2,3,3,2,0.0,1.0,0.0,0.0,0.0,1.0,1
https://www.youtube.com/watch?v=PQzUj5Hd0jk,305.766,18000,37,0,33,0,1,0,2,3,3,2,0.0,1.0,0.0,0.0,0.0,1.0,1
https://www.youtube.com/watch?v=PQzUj5Hd0jk,305.766,18000,37,0,47,0,1,0,2,3,3,2,0.0,1.0,0.0,0.0,0.0,1.0,1
https://www.youtube.com/watch?v=PQzUj5Hd0jk,305.766,18000,37,0,20,0,1,0,2,3,3,2,0.0,1.0,0.0,0.0,0.0,1.0,1
https://www.youtube.com/watch?v=PQzUj5Hd0jk,305.766,18000,37,0,42,0,1,0,2,3,3,2,0.0,1.0,0.0,0.0,0.0,1.0,1
https://www.youtube.com/watch?v=PQzUj5Hd0jk,305.766,18000,37,0,33,0,1,0,2,3,3,2,0.0,0.0,0.0,0.0,0.0,0.0,0
https://www.youtube.com/watch?v=PQzUj5Hd0jk,305.766,18000,37,0,17,0,1,0,2,3,3,2,0.0,0.7875,0.0,0.0,0.0,0.7875,1
https://www.youtube.com/watch?v=PQzUj5Hd0jk,305.766,18000,37,0,12,0,1,0,2,3,3,2,0.0,1.0,0.0,0.0,0.0,1.0,1
https://www.youtube.com/watch?v=PQzUj5Hd0jk,305.766,18000,37,0,9,0,1,0,2,3,3,2,0.0,0.875,0.0,0.0,0.0,0.875,1
https://www.youtube.com/watch?v=PQzUj5Hd0jk,305.766,18000,37,0,162,0,1,0,2,3,3,2,0.0,0.2625,0.0,0.0,0.0,0.2625,1
https://www.youtube.com/watch?v=PQzUj5Hd0jk,305.766,18000,37,0,119,0,1,0,2,3,3,2,0.0,0.2625,0.0,0.0,0.0,0.2625,1
https://www.youtube.com/watch?v=PQzUj5Hd0jk,305.766,18000,37,0,217,0,1,0,2,3,3,2,0.6125,0.25416666666666665,0.0,0.0,0.0,-0.14,0
https://www.youtube.com/watch?v=PQzUj5Hd0jk,305.766,18000,37,0,18,0,1,0,2,3,3,2,0.0,0.0,0.0,0.0,0.0,0.0,0
https://www.youtube.com/watch?v=PQzUj5Hd0jk,305.766,18000,37,4,665,0,1,0,2,3,3,2,0.0,0.7910416666666666,0.0,0.0,0.0,0.7910416666666666,1
https://www.youtube.com/watch?v=PQzUj5Hd0jk,305.766,18000,37,0,23,0,1,0,2,3,3,2,0.0,0.5,0.0,0.0,0.0,0.5,1
https://www.youtube.com/watch?v=PQzUj5Hd0jk,305.766,18000,37,0,10,0,1,0,2,3,3,2,0.0,1.0,0.0,0.0,0.0,1.0,1
https://www.youtube.com/watch?v=PQzUj5Hd0jk,305.766,18000,37,0,192,0,1,0,2,3,3,2,0.0,0.39375,0.0,0.0,0.0,0.39375,1
https://www.youtube.com/watch?v=PQzUj5Hd0jk,305.766,18000,37,0,101,0,1,0,2,3,3,2,0.0,1.0,0.0,0.0,0.6,0.25,0
https://www.youtube.com/watch?v=PQzUj5Hd0jk,305.766,18000,37,0,19,0,1,0,2,3,3,2,0.0,0.525,0.0,0.0,0.0,0.525,1
https://www.youtube.com/watch?v=PQzUj5Hd0jk,305.766,18000,37,0,20,0,1,0,2,3,3,2,0.0,0.7875,0.0,0.0,0.0,0.7875,1
https://www.youtube.com/watch?v=PQzUj5Hd0jk,305.766,18000,37,0,96,0,1,0,2,3,3,2,0.225,0.75,0.225,0.0,0.225,0.375,0
https://www.youtube.com/watch?v=PQzUj5Hd0jk,305.766,18000,37,0,61,0,1,0,2,3,3,2,0.0,0.2625,0.0,0.0,0.0,0.2625,1
https://www.youtube.com/watch?v=PQzUj5Hd0jk,305.766,18000,37,0,39,0,1,0,2,3,3,2,0.7875,0.0,0.2625,0.2625,0.0,-0.7875,-1
https://www.youtube.com/watch?v=PQzUj5Hd0jk,305.766,18000,37,0,138,0,1,0,2,3,3,2,0.42,0.21,0.0,0.0,0.0,-0.21,0
https://www.youtube.com/watch?v=PQzUj5Hd0jk,305.766,18000,37,0,91,0,1,0,2,3,3,2,0.0,1.0,0.0,0.0,0.0,1.0,1
https://www.youtube.com/watch?v=PQzUj5Hd0jk,305.766,18000,37,0,64,0,1,0,2,3,3,2,0.0,0.525,0.0,0.0,0.0,0.525,1
https://www.youtube.com/watch?v=PQzUj5Hd0jk,305.766,18000,37,0,13,0,1,0,2,3,3,2,0.0,1.0,0.0,0.0,0.0,1.0,1
https://www.youtube.com/watch?v=PQzUj5Hd0jk,305.766,18000,37,0,99,0,1,0,2,3,3,2,0.0,0.525,0.0,0.0,0.0,0.525,1
https://www.youtube.com/watch?v=PQzUj5Hd0jk,305.766,18000,37,0,29,0,1,0,2,3,3,2,0.0,0.0,0.0,0.0,0.0,0.0,0
https://www.youtube.com/watch?v=PQzUj5Hd0jk,305.766,18000,37,3,104,0,1,0,2,3,3,2,0.0,0.7875,0.0,0.0,0.0,0.7875,1
https://www.youtube.com/watch?v=PQzUj5Hd0jk,305.766,18000,37,0,17,0,1,0,2,3,3,2,0.0,0.525,0.0,0.0,0.0,0.525,1
https://www.youtube.com/watch?v=PQzUj5Hd0jk,305.766,18000,37,0,13,0,1,0,2,3,3,2,0.0,1.0,0.0,0.0,0.0,1.0,1
https://www.youtube.com/watch?v=PQzUj5Hd0jk,305.766,18000,37,0,149,0,1,0,2,3,3,2,0.0,0.375,0.0,0.0,0.0,0.375,1
https://www.youtube.com/watch?v=PQzUj5Hd0jk,305.766,18000,37,0,214,1,0,0,2,3,3,2,0.0,0.5125,0.0,0.0,0.0,0.5125,1
https://www.youtube.com/watch?v=PQzUj5Hd0jk,305.766,18000,37,0,163,0,1,0,2,3,3,2,0.3,0.453125,0.0,0.0,0.0,0.40625,1
https://www.youtube.com/watch?v=PQzUj5Hd0jk,305.766,18000,37,0,18,0,1,0,2,3,3,2,0.0,0.39375,0.0,0.0,0.0,0.39375,1
https://www.youtube.com/watch?v=PQzUj5Hd0jk,305.766,18000,37,0,9,0,1,0,2,3,3,2,0.0,1.0,0.0,0.0,0.0,1.0,1
https://www.youtube.com/watch?v=PQzUj5Hd0jk,305.766,18000,37,0,122,0,1,0,2,3,3,2,0.0,0.525,0.0,0.0,0.0,0.525,1
https://www.youtube.com/watch?v=PQzUj5Hd0jk,305.766,18000,37,0,99,0,1,0,2,3,3,2,0.0,1.0,0.0,0.0,0.0,1.0,1
https://www.youtube.com/watch?v=PQzUj5Hd0jk,305.766,18000,37,0,37,0,1,0,2,3,3,2,0.0,0.0,0.0,0.0,0.0,0.0,0
https://www.youtube.com/watch?v=PQzUj5Hd0jk,305.766,18000,37,0,64,0,1,0,2,3,3,2,0.0,0.0,0.0,0.0,0.0,0.0,0
https://www.youtube.com/watch?v=PQzUj5Hd0jk,305.766,18000,37,0,11,0,1,0,2,3,3,2,0.0,1.0,0.0,0.0,0.0,1.0,1
https://www.youtube.com/watch?v=PQzUj5Hd0jk,305.766,18000,37,0,41,0,1,0,2,3,3,2,0.0,0.525,0.0,0.0,0.0,0.525,1
https://www.youtube.com/watch?v=PQzUj5Hd0jk,305.766,18000,37,0,75,0,1,0,2,3,3,2,1.0,0.3,0.0,0.0,1.0,-0.85,0
https://www.youtube.com/watch?v=PQzUj5Hd0jk,305.766,18000,37,0,61,1,0,0,2,3,3,2,0.0,0.0,0.0,0.0,0.0,0.0,0
https://www.youtube.com/watch?v=PQzUj5Hd0jk,305.766,18000,37,1,33,0,1,0,2,3,3,2,0.0,0.7875,0.0,0.0,0.0,0.7875,1
https://www.youtube.com/watch?v=PQzUj5Hd0jk,305.766,18000,37,0,150,0,1,0,2,3,3,2,0.248,0.5505,0.16,0.16,0.0,0.1245,0
https://www.youtube.com/watch?v=PQzUj5Hd0jk,305.766,18000,37,0,263,0,1,0,2,3,3,2,0.0,0.8208333333333333,0.0,0.0,0.0,0.8208333333333333,1
https://www.youtube.com/watch?v=PQzUj5Hd0jk,305.766,18000,37,0,14,0,1,0,2,3,3,2,0.0,1.0,0.0,0.0,0.0,1.0,1
https://www.youtube.com/watch?v=PQzUj5Hd0jk,305.766,18000,37,0,29,0,1,0,2,3,3,2,0.0,0.0,0.0,0.0,0.0,0.0,0
https://www.youtube.com/watch?v=PQzUj5Hd0jk,305.766,18000,37,0,148,0,1,0,2,3,3,2,0.0,0.525,0.0,0.0,0.0,0.525,1
https://www.youtube.com/watch?v=PQzUj5Hd0jk,305.766,18000,37,0,36,0,1,0,2,3,3,2,0.0,0.0,0.0,0.0,0.0,0.0,0
https://www.youtube.com/watch?v=PQzUj5Hd0jk,305.766,18000,37,17,43,1,0,0,2,3,3,2,0.0,0.525,0.0,0.0,0.0,0.525,1
https://www.youtube.com/watch?v=PQzUj5Hd0jk,305.766,18000,37,0,81,0,1,0,2,3,3,2,0.0,0.525,0.0,0.0,0.0,0.525,1
https://www.youtube.com/watch?v=PQzUj5Hd0jk,305.766,18000,37,0,344,0,1,0,2,3,3,2,0.28875,0.8645833333333334,0.0,0.0,0.0,0.38333333333333336,0
https://www.youtube.com/watch?v=PQzUj5Hd0jk,305.766,18000,37,0,113,0,1,0,2,3,3,2,0.0,0.775,0.0,0.0,0.0,0.775,1
https://www.youtube.com/watch?v=PQzUj5Hd0jk,305.766,18000,37,0,162,0,1,0,2,3,3,2,0.0,0.65625,0.0,0.0,0.0,0.65625,1
https://www.youtube.com/watch?v=PQzUj5Hd0jk,305.766,18000,37,6,32,0,1,0,2,3,3,2,0.0,0.0,0.0,0.0,0.0,0.0,0
https://www.youtube.com/watch?v=PQzUj5Hd0jk,305.766,18000,37,0,92,0,1,0,2,3,3,2,0.0,0.525,0.0,0.0,0.0,0.525,1
https://www.youtube.com/watch?v=PQzUj5Hd0jk,305.766,18000,37,0,17,0,1,0,2,3,3,2,0.0,0.0,0.0,0.0,0.0,0.0,0
https://www.youtube.com/watch?v=PQzUj5Hd0jk,305.766,18000,37,0,9,0,1,0,2,3,3,2,0.0,0.75,0.0,0.0,0.0,0.75,1
https://www.youtube.com/watch?v=PQzUj5Hd0jk,305.766,18000,37,0,189,0,1,0,2,3,3,2,0.0,0.46875,0.0,0.0,0.0,0.46875,1
https://www.youtube.com/watch?v=PQzUj5Hd0jk,305.766,18000,37,9,116,0,1,0,2,3,3,2,0.0,0.0,0.0,0.0,0.0,0.0,0
https://www.youtube.com/watch?v=PQzUj5Hd0jk,305.766,18000,37,0,50,0,1,0,2,3,3,2,0.0,0.2625,0.0,0.0,0.0,0.2625,1
https://www.youtube.com/watch?v=PQzUj5Hd0jk,305.766,18000,37,0,58,0,1,0,2,3,3,2,0.0,0.9916666666666667,0.0,0.8333333333333334,0.8333333333333334,0.15833333333333333,0
https://www.youtube.com/watch?v=PQzUj5Hd0jk,305.766,18000,37,2,57,0,1,0,2,3,3,2,0.0,0.2625,0.0,0.0,0.0,0.2625,1
https://www.youtube.com/watch?v=PQzUj5Hd0jk,305.766,18000,37,0,71,0,1,0,2,3,3,2,0.0,0.7875,0.0,0.0,0.0,0.7875,1
https://www.youtube.com/watch?v=PQzUj5Hd0jk,305.766,18000,37,0,391,1,0,0,2,3,3,2,0.0,0.525,0.0,0.0,0.0,0.525,1
https://www.youtube.com/watch?v=PQzUj5Hd0jk,305.766,18000,37,0,53,1,0,0,2,3,3,2,0.0,0.0,0.0,0.0,0.0,0.0,0
https://www.youtube.com/watch?v=PQzUj5Hd0jk,305.766,18000,37,0,51,0,1,0,2,3,3,2,0.15,0.5,0.15,0.0,0.0,0.25,0
https://www.youtube.com/watch?v=PQzUj5Hd0jk,305.766,18000,37,0,47,0,1,0,2,3,3,2,0.0,0.2625,0.0,0.0,0.0,0.2625,1
https://www.youtube.com/watch?v=PQzUj5Hd0jk,305.766,18000,37,0,48,0,1,0,2,3,3,2,0.0,0.0,0.0,0.0,0.0,0.0,0
https://www.youtube.com/watch?v=PQzUj5Hd0jk,305.766,18000,37,0,46,0,1,0,2,3,3,2,0.0,0.7875,0.0,0.0,0.0,0.7875,1
https://www.youtube.com/watch?v=PQzUj5Hd0jk,305.766,18000,37,0,79,0,1,0,2,3,3,2,0.0,0.39375,0.0,0.0,0.0,0.39375,1
https://www.youtube.com/watch?v=PQzUj5Hd0jk,305.766,18000,37,0,452,1,0,0,2,3,3,2,0.0,0.525,0.0,0.0,0.0,0.525,1
https://www.youtube.com/watch?v=PQzUj5Hd0jk,305.766,18000,37,1,46,0,1,0,2,3,3,2,0.25,0.35,0.0,0.75,1.0,-0.4166666666666667,0
https://www.youtube.com/watch?v=PQzUj5Hd0jk,305.766,18000,37,1,259,0,1,0,2,3,3,2,0.0,0.65625,0.0,0.0,0.0,0.65625,1
https://www.youtube.com/watch?v=PQzUj5Hd0jk,305.766,18000,37,2,26,0,1,0,2,3,3,2,0.0,0.525,0.0,0.0,0.0,0.525,1
https://www.youtube.com/watch?v=PQzUj5Hd0jk,305.766,18000,37,0,71,0,1,0,2,3,3,2,0.0,0.2625,0.0,0.0,0.0,0.2625,1
https://www.youtube.com/watch?v=PQzUj5Hd0jk,305.766,18000,37,0,32,0,1,0,2,3,3,2,0.0,0.0,0.0,0.0,0.0,0.0,0
https://www.youtube.com/watch?v=PQzUj5Hd0jk,305.766,18000,37,20,9,0,1,0,2,3,3,2,0.0,0.375,0.0,0.0,0.0,0.375,1
https://www.youtube.com/watch?v=PQzUj5Hd0jk,305.766,18000,37,0,84,1,0,0,2,3,3,2,0.0,0.0,0.0,0.0,0.0,0.0,0
https://www.youtube.com/watch?v=PQzUj5Hd0jk,305.766,18000,37,0,73,0,1,0,2,3,3,2,0.2,0.2,0.0,0.0,0.0,0.0,0
https://www.youtube.com/watch?v=PQzUj5Hd0jk,305.766,18000,37,0,33,0,1,0,2,3,3,2,0.0,0.525,0.0,0.0,0.0,0.525,1
https://www.youtube.com/watch?v=PQzUj5Hd0jk,305.766,18000,37,0,27,0,1,0,2,3,3,2,0.0,0.0,0.0,0.0,0.0,0.0,0
https://www.youtube.com/watch?v=PQzUj5Hd0jk,305.766,18000,37,8,56,0,1,0,2,3,3,2,0.0,0.525,0.0,0.0,0.0,0.525,1
https://www.youtube.com/watch?v=PQzUj5Hd0jk,305.766,18000,37,0,6,0,1,0,2,3,3,2,0.0,0.0,0.0,0.0,0.0,0.0,0
https://www.youtube.com/watch?v=PQzUj5Hd0jk,305.766,18000,37,0,10,0,1,0,2,3,3,2,0.0,0.0,0.0,0.0,0.0,0.0,0
https://www.youtube.com/watch?v=PQzUj5Hd0jk,305.766,18000,37,0,120,0,1,0,2,3,3,2,0.525,0.0,0.0,0.0,0.0,-0.525,-1
https://www.youtube.com/watch?v=PQzUj5Hd0jk,305.766,18000,37,0,0,0,1,1,2,3,3,2,0.0,0.0,0.0,0.0,0.0,0.0,0.0
https://www.youtube.com/watch?v=PQzUj5Hd0jk,305.766,18000,37,0,19,0,1,0,2,3,3,2,0.0,0.625,0.0,0.0,0.0,0.625,1
https://www.youtube.com/watch?v=PQzUj5Hd0jk,305.766,18000,37,0,96,0,1,0,2,3,3,2,0.0,0.525,0.0,0.0,0.0,0.525,1
https://www.youtube.com/watch?v=PQzUj5Hd0jk,305.766,18000,37,0,16,0,1,0,2,3,3,2,0.0,0.0,0.0,0.0,0.0,0.0,0
https://www.youtube.com/watch?v=PQzUj5Hd0jk,305.766,18000,37,1,77,0,1,0,2,3,3,2,0.0,0.0,0.0,0.0,0.0,0.0,0
https://www.youtube.com/watch?v=PQzUj5Hd0jk,305.766,18000,37,0,104,0,1,0,2,3,3,2,0.0,0.2625,0.0,0.0,0.0,0.2625,1
https://www.youtube.com/watch?v=PQzUj5Hd0jk,305.766,18000,37,3,13,0,1,0,2,3,3,2,0.0,0.9625,0.0,0.0,0.0,0.9625,1
https://www.youtube.com/watch?v=PQzUj5Hd0jk,305.766,18000,37,0,22,0,1,0,2,3,3,2,0.0,1.0,0.0,0.0,0.0,1.0,1
https://www.youtube.com/watch?v=PQzUj5Hd0jk,305.766,18000,37,0,19,0,1,0,2,3,3,2,0.0,0.525,0.0,0.0,0.0,0.525,1
https://www.youtube.com/watch?v=PQzUj5Hd0jk,305.766,18000,37,0,12,0,1,0,2,3,3,2,0.0,0.0,0.0,0.0,0.0,0.0,0
https://www.youtube.com/watch?v=PQzUj5Hd0jk,305.766,18000,37,0,108,1,0,0,2,3,3,2,0.0,0.0,0.0,0.0,0.0,0.0,0
https://www.youtube.com/watch?v=PQzUj5Hd0jk,305.766,18000,37,0,56,0,1,0,2,3,3,2,0.525,0.0,0.0,0.0,0.0,-0.525,-1
https://www.youtube.com/watch?v=PQzUj5Hd0jk,305.766,18000,37,0,34,0,1,0,2,3,3,2,0.0,0.925,0.0,0.0,0.0,0.925,1
https://www.youtube.com/watch?v=PQzUj5Hd0jk,305.766,18000,37,0,5,0,1,0,2,3,3,2,0.0,0.9,0.0,0.0,0.0,0.9,1
https://www.youtube.com/watch?v=PQzUj5Hd0jk,305.766,18000,37,0,17,0,1,0,2,3,3,2,0.0,0.75,0.0,0.0,0.0,0.75,1
https://www.youtube.com/watch?v=PQzUj5Hd0jk,305.766,18000,37,0,41,0,1,0,2,3,3,2,0.0,0.2625,0.0,0.0,0.0,0.2625,1
https://www.youtube.com/watch?v=PQzUj5Hd0jk,305.766,18000,37,0,5,0,1,0,2,3,3,2,0.0,0.75,0.0,0.0,0.0,0.75,1
https://www.youtube.com/watch?v=PQzUj5Hd0jk,305.766,18000,37,0,12,0,1,0,2,3,3,2,0.0,0.0,0.0,0.0,0.0,0.0,0
https://www.youtube.com/watch?v=PQzUj5Hd0jk,305.766,18000,37,0,3,0,1,0,2,3,3,2,0.0,1.0,0.0,0.0,0.0,1.0,1
https://www.youtube.com/watch?v=PQzUj5Hd0jk,305.766,18000,37,2,5,0,1,0,2,3,3,2,0.0,0.75,0.0,0.0,0.0,0.75,1
https://www.youtube.com/watch?v=PQzUj5Hd0jk,305.766,18000,37,3,355,0,1,0,2,3,3,2,0.0,1.0,0.0,0.0,0.0,1.0,1
https://www.youtube.com/watch?v=PQzUj5Hd0jk,305.766,18000,37,0,2,0,1,0,2,3,3,2,0.0,1.0,0.0,0.0,0.0,1.0,1
https://www.youtube.com/watch?v=PQzUj5Hd0jk,305.766,18000,37,0,4,0,1,0,2,3,3,2,0.0,0.75,0.0,0.0,0.0,0.75,1
https://www.youtube.com/watch?v=PQzUj5Hd0jk,305.766,18000,37,0,65,0,1,0,2,3,3,2,0.0,0.0,0.0,0.0,0.0,0.0,0
https://www.youtube.com/watch?v=PQzUj5Hd0jk,305.766,18000,37,0,23,0,1,0,2,3,3,2,0.0,0.0,0.0,0.0,0.0,0.0,0
https://www.youtube.com/watch?v=PQzUj5Hd0jk,305.766,18000,37,0,8,0,1,0,2,3,3,2,0.0,0.75,0.0,0.0,0.0,0.75,1
https://www.youtube.com/watch?v=PQzUj5Hd0jk,305.766,18000,37,0,78,0,1,0,2,3,3,2,0.0,0.6125,0.0,0.0,0.0,0.6125,1
https://www.youtube.com/watch?v=PQzUj5Hd0jk,305.766,18000,37,1,14,0,1,0,2,3,3,2,0.0,0.0,0.0,0.0,0.0,0.0,0
https://www.youtube.com/watch?v=PQzUj5Hd0jk,305.766,18000,37,0,24,1,0,0,2,3,3,2,0.0,0.525,0.0,0.0,0.0,0.525,1
https://www.youtube.com/watch?v=PQzUj5Hd0jk,305.766,18000,37,0,8,0,1,0,2,3,3,2,0.0,0.0,0.0,0.0,0.0,0.0,0
https://www.youtube.com/watch?v=PQzUj5Hd0jk,305.766,18000,37,6,26,0,1,0,2,3,3,2,0.0,0.525,0.0,0.0,0.0,0.525,1
https://www.youtube.com/watch?v=PQzUj5Hd0jk,305.766,18000,37,0,52,0,1,0,2,3,3,2,0.525,0.1425,0.0,0.0,0.0,-0.2625,-1
https://www.youtube.com/watch?v=PQzUj5Hd0jk,305.766,18000,37,0,51,0,1,0,2,3,3,2,0.0,0.0,0.0,0.0,0.0,0.0,0
https://www.youtube.com/watch?v=PQzUj5Hd0jk,305.766,18000,37,2,27,1,0,0,2,3,3,2,0.0,0.525,0.0,0.0,0.0,0.525,1
https://www.youtube.com/watch?v=PQzUj5Hd0jk,305.766,18000,37,0,40,0,1,0,2,3,3,2,0.0,0.525,0.0,0.0,0.0,0.525,1
https://www.youtube.com/watch?v=PQzUj5Hd0jk,305.766,18000,37,0,26,0,1,0,2,3,3,2,0.0,0.0,0.0,0.0,0.0,0.0,0
https://www.youtube.com/watch?v=PQzUj5Hd0jk,305.766,18000,37,49,26,0,1,0,2,3,3,2,0.0,0.525,0.0,0.0,0.0,0.525,1
https://www.youtube.com/watch?v=PQzUj5Hd0jk,305.766,18000,37,0,84,0,1,0,2,3,3,2,0.2625,0.0,0.2625,0.0,0.0,-0.2625,-1
https://www.youtube.com/watch?v=PQzUj5Hd0jk,305.766,18000,37,0,5,0,1,0,2,3,3,2,0.0,0.0,0.0,0.0,0.0,0.0,0
https://www.youtube.com/watch?v=PQzUj5Hd0jk,305.766,18000,37,9,26,0,1,0,2,3,3,2,0.525,0.0,0.0,0.0,0.0,-0.525,-1
https://www.youtube.com/watch?v=PQzUj5Hd0jk,305.766,18000,37,0,50,0,1,0,2,3,3,2,0.0,0.75,0.0,0.0,0.0,0.75,1
https://www.youtube.com/watch?v=PQzUj5Hd0jk,305.766,18000,37,21,48,0,1,0,2,3,3,2,0.0,1.0,0.0,0.0,0.0,1.0,1
https://www.youtube.com/watch?v=PQzUj5Hd0jk,305.766,18000,37,4,26,0,1,0,2,3,3,2,0.0,0.525,0.0,0.0,0.0,0.525,1
https://www.youtube.com/watch?v=PQzUj5Hd0jk,305.766,18000,37,0,59,0,1,0,2,3,3,2,0.525,0.0,0.0,1.0,0.7875,-1.0,-1
https://www.youtube.com/watch?v=PQzUj5Hd0jk,305.766,18000,37,0,2,0,1,0,2,3,3,2,0.0,0.0,0.0,0.0,0.0,0.0,0
https://www.youtube.com/watch?v=PQzUj5Hd0jk,305.766,18000,37,1,4,0,1,0,2,3,3,2,0.0,0.0,0.0,0.0,0.0,0.0,0
https://www.youtube.com/watch?v=PQzUj5Hd0jk,305.766,18000,37,0,23,0,1,0,2,3,3,2,0.0,0.0,0.0,0.0,0.0,0.0,0
https://www.youtube.com/watch?v=PQzUj5Hd0jk,305.766,18000,37,2,29,0,1,0,2,3,3,2,0.0,0.2625,0.0,0.0,0.0,0.2625,1
https://www.youtube.com/watch?v=PQzUj5Hd0jk,305.766,18000,37,2,14,0,1,0,2,3,3,2,0.0,0.0,0.0,0.0,0.0,0.0,0
https://www.youtube.com/watch?v=PQzUj5Hd0jk,305.766,18000,37,0,30,0,1,0,2,3,3,2,0.0,0.0,0.0,0.0,0.0,0.0,0
https://www.youtube.com/watch?v=PQzUj5Hd0jk,305.766,18000,37,0,11,0,1,0,2,3,3,2,0.0,0.0,0.0,0.0,0.0,0.0,0
https://www.youtube.com/watch?v=PQzUj5Hd0jk,305.766,18000,37,0,30,0,1,0,2,3,3,2,0.0,0.0,0.0,0.0,0.0,0.0,0
https://www.youtube.com/watch?v=PQzUj5Hd0jk,305.766,18000,37,0,4,0,1,0,2,3,3,2,0.0,0.0,0.0,0.0,0.0,0.0,0
https://www.youtube.com/watch?v=PQzUj5Hd0jk,305.766,18000,37,0,4,0,1,0,2,3,3,2,0.0,0.0,0.0,0.0,0.0,0.0,0
https://www.youtube.com/watch?v=PQzUj5Hd0jk,305.766,18000,37,2,5,0,1,0,2,3,3,2,0.0,0.0,0.0,0.0,0.0,0.0,0
https://www.youtube.com/watch?v=shBkovJfWpk,56.765,2.100,18,48,326,0,1,0,4,3,2,2,0.0,0.8520833333333333,0.0,0.0,0.0,0.8520833333333333,1
https://www.youtube.com/watch?v=shBkovJfWpk,56.765,2.100,18,4,103,0,1,0,4,3,2,2,0.0,0.859375,0.0,0.0,0.0,0.859375,1
https://www.youtube.com/watch?v=shBkovJfWpk,56.765,2.100,18,4,112,0,1,0,4,3,2,2,0.145,0.9361111111111111,0.0,0.0,0.0,0.8555555555555555,1
https://www.youtube.com/watch?v=shBkovJfWpk,56.765,2.100,18,2,112,0,1,0,4,3,2,2,0.0,0.6791666666666667,0.0,0.0,0.0,0.6791666666666667,1
https://www.youtube.com/watch?v=shBkovJfWpk,56.765,2.100,18,1,51,0,1,0,4,3,2,2,0.0,0.7875,0.0,0.0,0.0,0.7875,1
https://www.youtube.com/watch?v=shBkovJfWpk,56.765,2.100,18,4,40,0,1,0,4,3,2,2,0.0,1.0,0.0,0.0,0.0,1.0,1
https://www.youtube.com/watch?v=shBkovJfWpk,56.765,2.100,18,0,78,0,1,1,4,3,2,2,0.285,0.7875,0.0,0.0,0.0,1.0,1
https://www.youtube.com/watch?v=shBkovJfWpk,56.765,2.100,18,0,56,0,1,0,4,3,2,2,0.0,1.0,0.0,0.0,0.0,1.0,1
https://www.youtube.com/watch?v=shBkovJfWpk,56.765,2.100,18,0,83,0,1,0,4,3,2,2,0.0,1.0,0.0,0.0,0.0,1.0,1
https://www.youtube.com/watch?v=shBkovJfWpk,56.765,2.100,18,0,147,0,1,0,4,3,2,2,0.0,0.0,0.0,0.0,0.0,0.0,0
https://www.youtube.com/watch?v=shBkovJfWpk,56.765,2.100,18,0,111,0,1,0,4,3,2,2,0.0,1.0,0.0,0.0,0.0,1.0,1
https://www.youtube.com/watch?v=shBkovJfWpk,56.765,2.100,18,2,37,0,1,0,4,3,2,2,0.0,0.7875,0.0,0.0,0.0,0.7875,1
https://www.youtube.com/watch?v=shBkovJfWpk,56.765,2.100,18,0,118,0,1,0,4,3,2,2,0.0,1.0,0.0,0.0,0.0,1.0,1
https://www.youtube.com/watch?v=shBkovJfWpk,56.765,2.100,18,1,184,0,1,0,4,3,2,2,0.0,0.7583333333333333,0.0,0.0,0.0,0.7583333333333333,1
https://www.youtube.com/watch?v=shBkovJfWpk,56.765,2.100,18,0,177,0,1,0,4,3,2,2,0.3,1.0,0.0,0.0,0.0,1.0,1
https://www.youtube.com/watch?v=shBkovJfWpk,56.765,2.100,18,0,207,0,1,0,4,3,2,2,0.0,0.9027777777777778,0.0,0.0,0.0,0.9027777777777778,1
https://www.youtube.com/watch?v=shBkovJfWpk,56.765,2.100,18,0,48,0,1,0,4,3,2,2,0.0,1.0,0.0,0.0,0.0,1.0,1
https://www.youtube.com/watch?v=shBkovJfWpk,56.765,2.100,18,0,157,1,0,0,4,3,2,2,0.2625,0.0,0.2625,0.2625,0.2625,-0.2625,-1
https://www.youtube.com/watch?v=shBkovJfWpk,56.765,2.100,18,1,84,0,1,0,4,3,2,2,0.0,1.0,0.0,0.0,0.0,1.0,1
https://www.youtube.com/watch?v=shBkovJfWpk,56.765,2.100,18,0,28,0,1,0,4,3,2,2,0.0,0.7875,0.0,0.0,0.0,0.7875,1
https://www.youtube.com/watch?v=shBkovJfWpk,56.765,2.100,18,0,48,0,1,0,4,3,2,2,0.0,1.0,0.0,0.0,0.0,1.0,1
https://www.youtube.com/watch?v=shBkovJfWpk,56.765,2.100,18,1,11,0,1,1,4,3,2,2,0.0,1.0,0.0,0.0,0.0,1.0,1
https://www.youtube.com/watch?v=shBkovJfWpk,56.765,2.100,18,1,30,0,1,0,4,3,2,2,0.0,1.0,0.0,0.0,0.0,1.0,1
https://www.youtube.com/watch?v=shBkovJfWpk,56.765,2.100,18,1,24,0,1,0,4,3,2,2,0.0,1.0,0.0,0.0,0.0,1.0,1
https://www.youtube.com/watch?v=shBkovJfWpk,56.765,2.100,18,0,86,0,1,0,4,3,2,2,0.0,0.0,0.0,0.0,0.0,0.0,0
https://www.youtube.com/watch?v=shBkovJfWpk,56.765,2.100,18,1,23,0,1,0,4,3,2,2,0.0,1.0,0.0,0.0,0.0,1.0,1
https://www.youtube.com/watch?v=shBkovJfWpk,56.765,2.100,18,5,239,0,1,0,4,3,2,2,0.0,1.0,0.0,0.0,0.0,1.0,1
https://www.youtube.com/watch?v=shBkovJfWpk,56.765,2.100,18,1,18,0,1,0,4,3,2,2,0.0,1.0,0.0,0.0,0.0,1.0,1
https://www.youtube.com/watch?v=shBkovJfWpk,56.765,2.100,18,0,14,0,1,0,4,3,2,2,0.0,0.0,0.0,0.0,0.0,0.0,0
https://www.youtube.com/watch?v=shBkovJfWpk,56.765,2.100,18,0,97,0,1,0,4,3,2,2,0.0,0.525,0.0,0.0,0.0,0.525,1
https://www.youtube.com/watch?v=shBkovJfWpk,56.765,2.100,18,0,51,0,1,0,4,3,2,2,0.0,0.525,0.0,0.0,0.0,0.525,1
https://www.youtube.com/watch?v=shBkovJfWpk,56.765,2.100,18,0,59,0,1,0,4,3,2,2,0.0,0.39375,0.0,0.0,0.0,0.39375,1
https://www.youtube.com/watch?v=shBkovJfWpk,56.765,2.100,18,1,121,0,1,0,4,3,2,2,0.0,1.0,0.0,0.0,0.0,1.0,1
https://www.youtube.com/watch?v=shBkovJfWpk,56.765,2.100,18,4,127,0,1,0,4,3,2,2,0.0,0.65625,0.0,0.0,0.0,0.65625,1
https://www.youtube.com/watch?v=shBkovJfWpk,56.765,2.100,18,0,364,1,0,0,4,3,2,2,0.175,0.30041666666666667,0.0,0.35,0.175,-0.04958333333333333,0
https://www.youtube.com/watch?v=shBkovJfWpk,56.765,2.100,18,0,163,0,1,0,4,3,2,2,0.0,0.590625,0.0,0.0,0.0,0.590625,1
https://www.youtube.com/watch?v=shBkovJfWpk,56.765,2.100,18,1,322,0,1,0,4,3,2,2,0.0,0.415625,0.0,0.0,0.0,0.415625,1
https://www.youtube.com/watch?v=shBkovJfWpk,56.765,2.100,18,0,41,0,1,0,4,3,2,2,0.0,0.91875,0.0,0.0,0.0,0.91875,1
https://www.youtube.com/watch?v=shBkovJfWpk,56.765,2.100,18,0,46,0,1,0,4,3,2,2,0.0,0.525,0.0,0.0,0.0,0.525,1
https://www.youtube.com/watch?v=shBkovJfWpk,56.765,2.100,18,0,91,0,1,0,4,3,2,2,0.0,0.2625,0.0,0.0,0.0,0.2625,1
https://www.youtube.com/watch?v=shBkovJfWpk,56.765,2.100,18,1,54,0,1,0,4,3,2,2,0.0,1.0,0.0,0.0,0.0,1.0,1
https://www.youtube.com/watch?v=shBkovJfWpk,56.765,2.100,18,0,9,0,1,0,4,3,2,2,0.0,0.7291666666666666,0.0,0.0,0.0,0.7291666666666666,1
https://www.youtube.com/watch?v=shBkovJfWpk,56.765,2.100,18,1,122,0,1,0,4,3,2,2,0.2,0.2,0.2,0.0,0.2,0.0,0
https://www.youtube.com/watch?v=shBkovJfWpk,56.765,2.100,18,0,37,0,1,0,4,3,2,2,0.0,0.525,0.0,0.0,0.0,0.525,1
https://www.youtube.com/watch?v=shBkovJfWpk,56.765,2.100,18,2,71,0,1,0,4,3,2,2,0.0,0.2625,0.0,0.0,0.0,0.2625,1
https://www.youtube.com/watch?v=shBkovJfWpk,56.765,2.100,18,0,53,0,1,0,4,3,2,2,0.0,0.0,0.0,0.0,0.0,0.0,0
https://www.youtube.com/watch?v=shBkovJfWpk,56.765,2.100,18,0,9,0,1,0,4,3,2,2,0.0,0.75,0.0,0.0,0.0,0.75,1
https://www.youtube.com/watch?v=shBkovJfWpk,56.765,2.100,18,0,55,1,0,0,4,3,2,2,0.0,0.0,0.0,0.0,0.0,0.0,0
https://www.youtube.com/watch?v=shBkovJfWpk,56.765,2.100,18,0,58,0,1,0,4,3,2,2,0.0,0.525,0.0,0.0,0.0,0.525,1
https://www.youtube.com/watch?v=shBkovJfWpk,56.765,2.100,18,0,14,1,0,0,4,3,2,2,0.0,0.0,0.0,0.0,0.0,0.0,0
https://www.youtube.com/watch?v=shBkovJfWpk,56.765,2.100,18,0,111,0,1,0,4,3,2,2,0.0,0.0,0.0,0.0,0.0,0.0,0
https://www.youtube.com/watch?v=shBkovJfWpk,56.765,2.100,18,1,31,0,1,0,4,3,2,2,0.7875,0.0,0.0,0.0,0.0,-0.7875,-1
https://www.youtube.com/watch?v=shBkovJfWpk,56.765,2.100,18,0,4,0,1,0,4,3,2,2,0.0,0.0,0.0,0.0,0.0,0.0,0
https://www.youtube.com/watch?v=shBkovJfWpk,56.765,2.100,18,0,27,0,1,0,4,3,2,2,0.0,0.525,0.0,0.0,0.0,0.525,1
https://www.youtube.com/watch?v=shBkovJfWpk,56.765,2.100,18,0,21,0,1,0,4,3,2,2,0.0,0.0,0.0,0.0,0.0,0.0,0
https://www.youtube.com/watch?v=gisl6mK96Jg,9.395,142,3,2,186,1,0,0,2,4,2,4,0.0,0.0,0.0,0.0,0.0,0.0,0
https://www.youtube.com/watch?v=gisl6mK96Jg,9.395,142,3,3,92,0,1,0,2,4,2,4,0.525,0.0,0.2625,0.2625,0.2625,-0.525,-1
https://www.youtube.com/watch?v=gisl6mK96Jg,9.395,142,3,0,145,0,1,0,2,4,2,4,0.0,0.75625,0.0,0.0,0.0,0.75625,1
https://www.youtube.com/watch?v=gisl6mK96Jg,9.395,142,3,0,8,0,1,0,2,4,2,4,0.0,1.0,0.0,0.0,0.0,1.0,1
https://www.youtube.com/watch?v=gisl6mK96Jg,9.395,142,3,0,496,0,1,0,2,4,2,4,0.525,0.0,0.525,0.525,0.39375,-0.525,-1
https://www.youtube.com/watch?v=gisl6mK96Jg,9.395,142,3,0,76,0,1,0,2,4,2,4,0.0,0.525,0.0,0.0,0.0,0.525,1
https://www.youtube.com/watch?v=gisl6mK96Jg,9.395,142,3,4,97,0,1,0,2,4,2,4,0.525,0.1425,0.525,0.525,0.2625,-0.39375,-1
https://www.youtube.com/watch?v=gisl6mK96Jg,9.395,142,3,0,42,0,1,0,2,4,2,4,0.0,0.0,0.0,0.0,0.0,0.0,0
https://www.youtube.com/watch?v=gisl6mK96Jg,9.395,142,3,3,23,0,1,0,2,4,2,4,0.0,0.0,0.0,0.0,0.0,0.0,0
https://www.youtube.com/watch?v=gisl6mK96Jg,9.395,142,3,0,648,1,0,0,2,4,2,4,0.0,0.91875,0.0,0.0,0.0,0.91875,1
https://www.youtube.com/watch?v=gisl6mK96Jg,9.395,142,3,1,26,0,1,0,2,4,2,4,0.0,0.0,0.0,0.0,0.0,0.0,0
https://www.youtube.com/watch?v=Y2EJfB9DMLU,4.530,46,4,0,98,0,1,0,3,3,3,3,0.0,0.0,0.0,0.0,0.0,0.0,0
https://www.youtube.com/watch?v=jtnLR8pA4YU,254.827,6.500,37,29,81,0,1,0,1,2,1,2,0.0,0.56875,0.0,0.0,0.0,0.56875,1
https://www.youtube.com/watch?v=jtnLR8pA4YU,254.827,6.500,37,0,56,0,1,0,1,2,1,2,0.0,0.74375,0.0,0.0,0.0,0.74375,1
https://www.youtube.com/watch?v=jtnLR8pA4YU,254.827,6.500,37,0,102,0,1,0,1,2,1,2,0.0,0.9625,0.0,0.0,0.0,0.9625,1
https://www.youtube.com/watch?v=jtnLR8pA4YU,254.827,6.500,37,0,46,0,1,0,1,2,1,2,0.0,1.0,0.0,0.0,0.0,1.0,1
https://www.youtube.com/watch?v=jtnLR8pA4YU,254.827,6.500,37,0,115,0,1,0,1,2,1,2,0.0,0.74375,0.0,0.0,0.0,0.74375,1
https://www.youtube.com/watch?v=jtnLR8pA4YU,254.827,6.500,37,0,82,0,1,0,1,2,1,2,0.0,1.0,0.0,0.0,0.0,1.0,1
https://www.youtube.com/watch?v=jtnLR8pA4YU,254.827,6.500,37,0,69,0,1,0,1,2,1,2,0.0,0.9375,0.0,0.0,0.0,0.9375,1
https://www.youtube.com/watch?v=jtnLR8pA4YU,254.827,6.500,37,0,44,0,1,0,1,2,1,2,0.0,0.7291666666666666,0.0,0.0,0.0,0.7291666666666666,1
https://www.youtube.com/watch?v=jtnLR8pA4YU,254.827,6.500,37,0,73,0,1,0,1,2,1,2,0.0,0.39375,0.0,0.0,0.0,0.39375,1
https://www.youtube.com/watch?v=jtnLR8pA4YU,254.827,6.500,37,0,183,0,1,0,1,2,1,2,0.0,1.0,0.0,0.0,0.0,1.0,1
https://www.youtube.com/watch?v=jtnLR8pA4YU,254.827,6.500,37,0,176,0,1,0,1,2,1,2,0.0,0.65625,0.0,0.0,0.0,0.65625,1
https://www.youtube.com/watch?v=jtnLR8pA4YU,254.827,6.500,37,0,130,0,1,0,1,2,1,2,0.0,0.91875,0.0,0.0,0.0,0.91875,1
https://www.youtube.com/watch?v=jtnLR8pA4YU,254.827,6.500,37,0,140,0,1,0,1,2,1,2,0.0,1.0,0.0,0.0,0.0,1.0,1
https://www.youtube.com/watch?v=jtnLR8pA4YU,254.827,6.500,37,1,59,0,1,0,1,2,1,2,0.0,0.64375,0.0,0.0,0.0,0.64375,1
https://www.youtube.com/watch?v=jtnLR8pA4YU,254.827,6.500,37,0,109,0,1,0,1,2,1,2,0.0,1.0,0.0,0.0,0.0,1.0,1
https://www.youtube.com/watch?v=jtnLR8pA4YU,254.827,6.500,37,0,55,0,1,0,1,2,1,2,0.0,0.0,0.0,0.0,0.0,0.0,0
https://www.youtube.com/watch?v=jtnLR8pA4YU,254.827,6.500,37,0,29,0,1,0,1,2,1,2,0.0,0.8875,0.0,0.0,0.0,0.8875,1
https://www.youtube.com/watch?v=jtnLR8pA4YU,254.827,6.500,37,0,39,0,1,0,1,2,1,2,0.0,1.0,0.0,0.0,0.0,1.0,1
https://www.youtube.com/watch?v=jtnLR8pA4YU,254.827,6.500,37,0,203,1,0,0,1,2,1,2,0.0,0.525,0.0,0.0,0.0,0.525,1
https://www.youtube.com/watch?v=jtnLR8pA4YU,254.827,6.500,37,0,23,0,1,0,1,2,1,2,0.0,1.0,0.0,0.0,0.0,1.0,1
https://www.youtube.com/watch?v=jtnLR8pA4YU,254.827,6.500,37,0,32,0,1,0,1,2,1,2,1.0,0.285,0.0,0.0,0.0,-0.7875,-1
https://www.youtube.com/watch?v=jtnLR8pA4YU,254.827,6.500,37,91,168,0,1,0,1,2,1,2,0.778125,0.144375,0.259375,0.51875,0.51875,-0.5375,-1
https://www.youtube.com/watch?v=jtnLR8pA4YU,254.827,6.500,37,0,79,1,0,0,1,2,1,2,0.0,0.0,0.0,0.0,0.0,0.0,0
https://www.youtube.com/watch?v=jtnLR8pA4YU,254.827,6.500,37,2,34,0,1,0,1,2,1,2,0.0,1.0,0.0,0.0,0.0,1.0,1
https://www.youtube.com/watch?v=jtnLR8pA4YU,254.827,6.500,37,0,41,0,1,0,1,2,1,2,0.0,0.0,0.0,0.0,0.0,0.0,0
https://www.youtube.com/watch?v=jtnLR8pA4YU,254.827,6.500,37,0,10,0,1,0,1,2,1,2,0.0,1.0,0.0,0.0,0.0,1.0,1
https://www.youtube.com/watch?v=jtnLR8pA4YU,254.827,6.500,37,0,120,0,1,0,1,2,1,2,0.7875,0.0,0.7875,0.7875,0.7875,-0.7875,-1
https://www.youtube.com/watch?v=jtnLR8pA4YU,254.827,6.500,37,1,106,0,1,0,1,2,1,2,0.0,1.0,0.0,0.0,0.0,1.0,1
https://www.youtube.com/watch?v=jtnLR8pA4YU,254.827,6.500,37,0,51,0,1,0,1,2,1,2,0.0,1.0,0.0,0.0,0.0,1.0,1
https://www.youtube.com/watch?v=jtnLR8pA4YU,254.827,6.500,37,0,48,0,1,0,1,2,1,2,0.0,0.2625,0.0,0.0,0.0,0.2625,1
https://www.youtube.com/watch?v=jtnLR8pA4YU,254.827,6.500,37,0,125,0,1,0,1,2,1,2,0.953125,0.1425,0.0,0.0,0.0,-0.821875,-1
https://www.youtube.com/watch?v=jtnLR8pA4YU,254.827,6.500,37,22,60,0,1,0,1,2,1,2,0.0,0.9375,0.0,0.0,0.0,0.9375,1
https://www.youtube.com/watch?v=jtnLR8pA4YU,254.827,6.500,37,2,296,1,0,0,1,2,1,2,0.0,0.0,0.0,0.0,0.0,0.0,0
https://www.youtube.com/watch?v=jtnLR8pA4YU,254.827,6.500,37,0,95,0,1,0,1,2,1,2,0.0,0.7,0.0,0.0,0.0,0.7,1
https://www.youtube.com/watch?v=jtnLR8pA4YU,254.827,6.500,37,0,46,0,1,0,1,2,1,2,0.0,0.9375,0.0,0.0,0.0,0.9375,1
https://www.youtube.com/watch?v=jtnLR8pA4YU,254.827,6.500,37,0,19,0,1,0,1,2,1,2,0.0,0.4375,0.0,0.0,0.0,0.4375,1
https://www.youtube.com/watch?v=jtnLR8pA4YU,254.827,6.500,37,0,76,0,1,0,1,2,1,2,0.0,0.43125,0.0,0.0,0.0,0.43125,1
https://www.youtube.com/watch?v=jtnLR8pA4YU,254.827,6.500,37,0,113,0,1,0,1,2,1,2,0.15,0.5125,0.0,0.0,0.15,0.3875,1
https://www.youtube.com/watch?v=jtnLR8pA4YU,254.827,6.500,37,0,53,0,1,0,1,2,1,2,0.0,0.0,0.0,0.0,0.0,0.0,0
https://www.youtube.com/watch?v=jtnLR8pA4YU,254.827,6.500,37,0,9,0,1,0,1,2,1,2,0.0,1.0,0.0,0.0,0.0,1.0,1
https://www.youtube.com/watch?v=jtnLR8pA4YU,254.827,6.500,37,0,45,0,1,0,1,2,1,2,0.0,0.93125,0.0,0.0,0.0,0.93125,1
https://www.youtube.com/watch?v=jtnLR8pA4YU,254.827,6.500,37,0,46,0,1,0,1,2,1,2,0.0,0.7875,0.0,0.0,0.0,0.7875,1
https://www.youtube.com/watch?v=jtnLR8pA4YU,254.827,6.500,37,26,85,0,1,0,1,2,1,2,0.39375,0.0,0.2625,0.2625,0.2625,-0.39375,-1
https://www.youtube.com/watch?v=jtnLR8pA4YU,254.827,6.500,37,0,22,0,1,0,1,2,1,2,0.0,0.0,0.0,0.0,0.0,0.0,0
https://www.youtube.com/watch?v=jtnLR8pA4YU,254.827,6.500,37,0,66,0,1,0,1,2,1,2,0.0,1.0,0.0,0.0,0.0,1.0,1
https://www.youtube.com/watch?v=jtnLR8pA4YU,254.827,6.500,37,3,68,0,1,0,1,2,1,2,0.0,0.2625,0.0,0.0,0.0,0.2625,1
https://www.youtube.com/watch?v=jtnLR8pA4YU,254.827,6.500,37,0,231,1,0,0,1,2,1,2,0.30666666666666664,0.2966666666666667,0.2,0.2,0.2,-0.22666666666666666,0
https://www.youtube.com/watch?v=jtnLR8pA4YU,254.827,6.500,37,0,459,1,0,0,1,2,1,2,0.0,0.0,0.0,0.0,0.0,0.0,0
https://www.youtube.com/watch?v=jtnLR8pA4YU,254.827,6.500,37,0,29,0,1,0,1,2,1,2,0.0,0.0,0.0,0.0,0.0,0.0,0
https://www.youtube.com/watch?v=jtnLR8pA4YU,254.827,6.500,37,0,44,0,1,0,1,2,1,2,0.0,0.525,0.0,0.0,0.0,0.525,1
https://www.youtube.com/watch?v=jtnLR8pA4YU,254.827,6.500,37,2,13,0,1,0,1,2,1,2,0.0,0.0,0.0,0.0,0.0,0.0,0
https://www.youtube.com/watch?v=jtnLR8pA4YU,254.827,6.500,37,0,46,0,1,0,1,2,1,2,0.0,0.0,0.0,0.0,0.0,0.0,0
https://www.youtube.com/watch?v=jtnLR8pA4YU,254.827,6.500,37,0,67,0,1,0,1,2,1,2,0.0,1.0,0.0,0.0,0.0,1.0,1
https://www.youtube.com/watch?v=jtnLR8pA4YU,254.827,6.500,37,1,146,0,1,0,1,2,1,2,0.0,0.0,0.0,0.0,0.0,0.0,0
https://www.youtube.com/watch?v=jtnLR8pA4YU,254.827,6.500,37,0,57,0,1,0,1,2,1,2,0.0,0.0,0.0,0.0,0.0,0.0,0
https://www.youtube.com/watch?v=jtnLR8pA4YU,254.827,6.500,37,0,190,0,1,0,1,2,1,2,0.0,0.44375,0.0,0.0,0.0,0.44375,1
https://www.youtube.com/watch?v=jtnLR8pA4YU,254.827,6.500,37,5,67,0,1,0,1,2,1,2,0.0,0.0,0.0,0.0,0.0,0.0,0
https://www.youtube.com/watch?v=jtnLR8pA4YU,254.827,6.500,37,0,43,0,1,0,1,2,1,2,0.0,0.0,0.0,0.0,0.0,0.0,0
https://www.youtube.com/watch?v=jtnLR8pA4YU,254.827,6.500,37,0,39,0,1,0,1,2,1,2,0.0,1.0,0.0,0.0,0.0,1.0,1
https://www.youtube.com/watch?v=jtnLR8pA4YU,254.827,6.500,37,0,182,0,1,0,1,2,1,2,0.0,0.0,0.0,0.0,0.0,0.0,0
https://www.youtube.com/watch?v=jtnLR8pA4YU,254.827,6.500,37,0,31,0,1,0,1,2,1,2,0.0,0.25,0.0,0.0,0.0,0.25,1
https://www.youtube.com/watch?v=jtnLR8pA4YU,254.827,6.500,37,0,1181,1,0,0,1,2,1,2,0.0,0.6125,0.0,0.0,0.0,0.6125,1
https://www.youtube.com/watch?v=jtnLR8pA4YU,254.827,6.500,37,2,140,1,0,0,1,2,1,2,0.525,0.0,0.0,0.0,0.0,-0.525,-1
https://www.youtube.com/watch?v=jtnLR8pA4YU,254.827,6.500,37,0,9,0,1,0,1,2,1,2,0.0,0.525,0.0,0.0,0.0,0.525,1
https://www.youtube.com/watch?v=jtnLR8pA4YU,254.827,6.500,37,0,37,0,1,0,1,2,1,2,0.0,0.2625,0.0,0.0,0.0,0.2625,1
https://www.youtube.com/watch?v=jtnLR8pA4YU,254.827,6.500,37,0,74,0,1,0,1,2,1,2,0.525,0.0,0.0,0.0,0.0,-0.525,-1
https://www.youtube.com/watch?v=jtnLR8pA4YU,254.827,6.500,37,0,40,1,0,0,1,2,1,2,0.0,0.0,0.0,0.0,0.0,0.0,0
https://www.youtube.com/watch?v=jtnLR8pA4YU,254.827,6.500,37,0,87,1,0,0,1,2,1,2,0.0,0.0,0.0,0.0,0.0,0.0,0
https://www.youtube.com/watch?v=jtnLR8pA4YU,254.827,6.500,37,0,18,0,1,0,1,2,1,2,0.0,0.0,0.0,0.0,0.0,0.0,0
https://www.youtube.com/watch?v=jtnLR8pA4YU,254.827,6.500,37,0,33,0,1,0,1,2,1,2,0.0,0.0,0.0,0.0,0.0,0.0,0
https://www.youtube.com/watch?v=jtnLR8pA4YU,254.827,6.500,37,0,14,0,1,0,1,2,1,2,0.0,0.2625,0.0,0.0,0.0,0.2625,1
https://www.youtube.com/watch?v=jtnLR8pA4YU,254.827,6.500,37,0,35,0,1,0,1,2,1,2,0.0,0.0,0.0,0.0,0.0,0.0,0
https://www.youtube.com/watch?v=jtnLR8pA4YU,254.827,6.500,37,1,2,0,1,0,1,2,1,2,0.0,0.0,0.0,0.0,0.0,0.0,0
https://www.youtube.com/watch?v=jtnLR8pA4YU,254.827,6.500,37,0,17,0,1,0,1,2,1,2,0.0,0.0,0.0,0.0,0.0,0.0,0
https://www.youtube.com/watch?v=jtnLR8pA4YU,254.827,6.500,37,0,11,0,1,0,1,2,1,2,0.0,0.0,0.0,0.0,0.0,0.0,0
https://www.youtube.com/watch?v=jtnLR8pA4YU,254.827,6.500,37,0,16,0,1,0,1,2,1,2,0.0,0.525,0.0,0.0,0.0,0.525,1
https://www.youtube.com/watch?v=jtnLR8pA4YU,254.827,6.500,37,1,6,0,1,0,1,2,1,2,0.0,0.0,0.0,0.0,0.0,0.0,0
https://www.youtube.com/watch?v=jtnLR8pA4YU,254.827,6.500,37,0,16,0,1,0,1,2,1,2,0.0,0.525,0.0,0.0,0.0,0.525,1
https://www.youtube.com/watch?v=jtnLR8pA4YU,254.827,6.500,37,0,15,0,1,0,1,2,1,2,0.0,0.0,0.0,0.0,0.0,0.0,0
https://www.youtube.com/watch?v=jtnLR8pA4YU,254.827,6.500,37,0,18,0,1,0,1,2,1,2,0.0,0.525,0.0,0.0,0.0,0.525,1
https://www.youtube.com/watch?v=jtnLR8pA4YU,254.827,6.500,37,0,1181,1,0,0,1,2,1,2,0.0,0.6125,0.0,0.0,0.0,0.6125,1
https://www.youtube.com/watch?v=jtnLR8pA4YU,254.827,6.500,37,0,15,0,1,0,1,2,1,2,0.0,0.0,0.0,0.0,0.0,0.0,0
https://www.youtube.com/watch?v=YpHxxLAQCdk,196.641,6.200,35,115,60,0,1,0,1,3,3,3,0.0,0.525,0.0,0.0,0.0,0.525,1
https://www.youtube.com/watch?v=YpHxxLAQCdk,196.641,6.200,35,19,132,0,1,0,1,3,3,3,0.0,0.0,0.0,0.0,0.0,0.0,0
https://www.youtube.com/watch?v=YpHxxLAQCdk,196.641,6.200,35,17,118,0,1,0,1,3,3,3,0.0,1.0,0.0,0.0,0.0,1.0,1
https://www.youtube.com/watch?v=YpHxxLAQCdk,196.641,6.200,35,0,60,0,1,0,1,3,3,3,0.0,0.525,0.0,0.0,0.0,0.525,1
https://www.youtube.com/watch?v=YpHxxLAQCdk,196.641,6.200,35,3,153,0,1,0,1,3,3,3,0.0,0.9375,0.0,0.0,0.0,0.9375,1
https://www.youtube.com/watch?v=YpHxxLAQCdk,196.641,6.200,35,3,99,0,1,0,1,3,3,3,0.63,1.0,0.0,0.0,0.0,0.37,0
https://www.youtube.com/watch?v=YpHxxLAQCdk,196.641,6.200,35,1,86,0,1,1,1,3,3,3,0.0,0.4375,0.0,0.0,0.0,0.4375,1
https://www.youtube.com/watch?v=YpHxxLAQCdk,196.641,6.200,35,1,254,1,0,0,1,3,3,3,0.3,0.4375,0.0,0.0,0.0,0.375,0
https://www.youtube.com/watch?v=YpHxxLAQCdk,196.641,6.200,35,0,80,0,1,0,1,3,3,3,0.0,0.39375,0.0,0.0,0.0,0.39375,1
https://www.youtube.com/watch?v=YpHxxLAQCdk,196.641,6.200,35,0,73,0,1,0,1,3,3,3,0.0,0.525,0.0,0.0,0.0,0.525,1
https://www.youtube.com/watch?v=YpHxxLAQCdk,196.641,6.200,35,0,53,0,1,0,1,3,3,3,0.0,0.975,0.0,0.0,0.0,0.975,1
https://www.youtube.com/watch?v=YpHxxLAQCdk,196.641,6.200,35,0,94,0,1,1,1,3,3,3,0.0,0.771875,0.0,0.0,0.0,0.771875,1
https://www.youtube.com/watch?v=YpHxxLAQCdk,196.641,6.200,35,14,38,0,1,0,1,3,3,3,0.0,1.0,0.0,0.0,0.0,1.0,1
https://www.youtube.com/watch?v=YpHxxLAQCdk,196.641,6.200,35,0,109,1,0,0,1,3,3,3,0.42,1.0,0.21,0.21,0.21,0.58,0
https://www.youtube.com/watch?v=YpHxxLAQCdk,196.641,6.200,35,0,148,0,1,0,1,3,3,3,0.0,0.721875,0.0,0.0,0.0,0.721875,1
https://www.youtube.com/watch?v=YpHxxLAQCdk,196.641,6.200,35,1,67,0,1,0,1,3,3,3,0.0,1.0,0.0,0.0,0.0,1.0,1
https://www.youtube.com/watch?v=YpHxxLAQCdk,196.641,6.200,35,0,135,0,1,0,1,3,3,3,0.0,0.6875,0.0,0.0,0.0,0.6875,1
https://www.youtube.com/watch?v=YpHxxLAQCdk,196.641,6.200,35,0,36,0,1,0,1,3,3,3,0.0,0.3125,0.0,0.0,0.0,0.3125,1
https://www.youtube.com/watch?v=YpHxxLAQCdk,196.641,6.200,35,0,58,0,1,0,1,3,3,3,0.0,1.0,0.0,0.0,0.0,1.0,1
https://www.youtube.com/watch?v=YpHxxLAQCdk,196.641,6.200,35,1,154,0,1,0,1,3,3,3,0.0,0.590625,0.0,0.0,0.0,0.590625,1
https://www.youtube.com/watch?v=YpHxxLAQCdk,196.641,6.200,35,0,57,0,1,0,1,3,3,3,0.0,0.525,0.0,0.0,0.0,0.525,1
https://www.youtube.com/watch?v=YpHxxLAQCdk,196.641,6.200,35,0,230,0,1,0,1,3,3,3,0.0,0.7875,0.0,0.0,0.0,0.7875,1
https://www.youtube.com/watch?v=YpHxxLAQCdk,196.641,6.200,35,1,74,0,1,0,1,3,3,3,0.0,0.2625,0.0,0.0,0.0,0.2625,1
https://www.youtube.com/watch?v=YpHxxLAQCdk,196.641,6.200,35,0,42,0,1,0,1,3,3,3,0.0,0.6875,0.0,0.0,0.0,0.6875,1
https://www.youtube.com/watch?v=YpHxxLAQCdk,196.641,6.200,35,0,82,0,1,0,1,3,3,3,0.0,0.7875,0.0,0.0,0.0,0.7875,1
https://www.youtube.com/watch?v=YpHxxLAQCdk,196.641,6.200,35,0,82,0,1,0,1,3,3,3,0.0,0.9375,0.0,0.0,0.0,0.9375,1
https://www.youtube.com/watch?v=YpHxxLAQCdk,196.641,6.200,35,0,47,0,1,0,1,3,3,3,0.0,0.8875,0.0,0.0,0.0,0.8875,1
https://www.youtube.com/watch?v=YpHxxLAQCdk,196.641,6.200,35,1,467,1,0,0,1,3,3,3,0.0,0.525,0.0,0.0,0.0,0.525,1
https://www.youtube.com/watch?v=YpHxxLAQCdk,196.641,6.200,35,0,22,0,1,0,1,3,3,3,0.0,1.0,0.0,0.0,0.0,1.0,1
https://www.youtube.com/watch?v=YpHxxLAQCdk,196.641,6.200,35,0,40,0,1,0,1,3,3,3,0.0,1.0,0.0,0.0,0.0,1.0,1
https://www.youtube.com/watch?v=YpHxxLAQCdk,196.641,6.200,35,0,34,0,1,0,1,3,3,3,0.0,1.0,0.0,0.0,0.0,1.0,1
https://www.youtube.com/watch?v=YpHxxLAQCdk,196.641,6.200,35,0,37,0,1,0,1,3,3,3,0.0,1.0,0.0,0.0,0.0,1.0,1
https://www.youtube.com/watch?v=YpHxxLAQCdk,196.641,6.200,35,0,41,0,1,0,1,3,3,3,0.0,0.7604166666666666,0.0,0.0,0.0,0.7604166666666666,1
https://www.youtube.com/watch?v=YpHxxLAQCdk,196.641,6.200,35,0,96,0,1,0,1,3,3,3,0.0,0.7,0.0,0.0,0.0,0.7,1
https://www.youtube.com/watch?v=YpHxxLAQCdk,196.641,6.200,35,1,34,0,1,0,1,3,3,3,0.0,0.80625,0.0,0.0,0.0,0.80625,1
https://www.youtube.com/watch?v=YpHxxLAQCdk,196.641,6.200,35,0,36,0,1,0,1,3,3,3,0.0,0.7875,0.0,0.0,0.0,0.7875,1
https://www.youtube.com/watch?v=YpHxxLAQCdk,196.641,6.200,35,0,30,0,1,0,1,3,3,3,0.0,0.2625,0.0,0.0,0.0,0.2625,1
https://www.youtube.com/watch?v=YpHxxLAQCdk,196.641,6.200,35,0,43,0,1,0,1,3,3,3,0.0,1.0,0.0,0.0,0.0,1.0,1
https://www.youtube.com/watch?v=YpHxxLAQCdk,196.641,6.200,35,0,91,0,1,0,1,3,3,3,0.0,0.2625,0.0,0.0,0.0,0.2625,1
https://www.youtube.com/watch?v=YpHxxLAQCdk,196.641,6.200,35,0,104,0,1,0,1,3,3,3,0.0,0.38671875,0.0,0.0,0.0,0.38671875,1
https://www.youtube.com/watch?v=YpHxxLAQCdk,196.641,6.200,35,3,51,0,1,0,1,3,3,3,0.0,0.0,0.0,0.0,0.0,0.0,0
https://www.youtube.com/watch?v=YpHxxLAQCdk,196.641,6.200,35,0,27,0,1,0,1,3,3,3,0.0,0.7875,0.0,0.0,0.0,0.7875,1
https://www.youtube.com/watch?v=YpHxxLAQCdk,196.641,6.200,35,1,54,0,1,0,1,3,3,3,0.0,1.0,0.0,0.0,0.0,1.0,1
https://www.youtube.com/watch?v=YpHxxLAQCdk,196.641,6.200,35,0,174,0,1,0,1,3,3,3,0.3675,0.56,0.21,0.21,0.21,0.1925,0
https://www.youtube.com/watch?v=YpHxxLAQCdk,196.641,6.200,35,0,81,0,1,0,1,3,3,3,0.0,0.4375,0.0,0.0,0.0,0.4375,1
https://www.youtube.com/watch?v=YpHxxLAQCdk,196.641,6.200,35,1,26,0,1,0,1,3,3,3,0.0,1.0,0.0,0.0,0.0,1.0,1
https://www.youtube.com/watch?v=YpHxxLAQCdk,196.641,6.200,35,1,42,0,1,0,1,3,3,3,0.0,0.525,0.0,0.0,0.0,0.525,1
https://www.youtube.com/watch?v=YpHxxLAQCdk,196.641,6.200,35,0,39,0,1,0,1,3,3,3,0.0,0.78125,0.0,0.0,0.0,0.78125,1
https://www.youtube.com/watch?v=YpHxxLAQCdk,196.641,6.200,35,0,148,0,1,0,1,3,3,3,0.0,0.8625,0.0,0.0,0.0,0.8625,1
https://www.youtube.com/watch?v=YpHxxLAQCdk,196.641,6.200,35,2,57,0,1,0,1,3,3,3,0.0,0.7875,0.0,0.0,0.0,0.7875,1
https://www.youtube.com/watch?v=YpHxxLAQCdk,196.641,6.200,35,2,19,0,1,0,1,3,3,3,0.0,1.0,0.0,0.0,0.0,1.0,1
https://www.youtube.com/watch?v=YpHxxLAQCdk,196.641,6.200,35,1,125,0,1,0,1,3,3,3,0.0,1.0,0.0,0.0,0.0,1.0,1
https://www.youtube.com/watch?v=YpHxxLAQCdk,196.641,6.200,35,0,111,0,1,0,1,3,3,3,0.0,0.6125,0.0,0.0,0.0,0.6125,1
https://www.youtube.com/watch?v=YpHxxLAQCdk,196.641,6.200,35,0,93,0,1,0,1,3,3,3,0.0,0.0,0.0,0.0,0.0,0.0,0
https://www.youtube.com/watch?v=YpHxxLAQCdk,196.641,6.200,35,0,71,0,1,0,1,3,3,3,0.0,0.0,0.0,0.0,0.0,0.0,0
https://www.youtube.com/watch?v=YpHxxLAQCdk,196.641,6.200,35,0,264,0,1,0,1,3,3,3,0.0,0.39375,0.0,0.0,0.0,0.39375,1
https://www.youtube.com/watch?v=YpHxxLAQCdk,196.641,6.200,35,0,216,0,1,0,1,3,3,3,0.0,0.7625,0.0,0.0,0.0,0.7625,1
https://www.youtube.com/watch?v=YpHxxLAQCdk,196.641,6.200,35,0,267,1,0,0,1,3,3,3,0.2625,0.0,0.2625,0.0,0.2625,-0.2625,-1
https://www.youtube.com/watch?v=YpHxxLAQCdk,196.641,6.200,35,0,28,0,1,0,1,3,3,3,0.0,0.7291666666666666,0.0,0.0,0.0,0.7291666666666666,1
https://www.youtube.com/watch?v=YpHxxLAQCdk,196.641,6.200,35,0,25,0,1,0,1,3,3,3,0.0,0.525,0.0,0.0,0.0,0.525,1
https://www.youtube.com/watch?v=YpHxxLAQCdk,196.641,6.200,35,0,73,0,1,0,1,3,3,3,0.0,0.525,0.0,0.0,0.0,0.525,1
https://www.youtube.com/watch?v=YpHxxLAQCdk,196.641,6.200,35,0,27,0,1,0,1,3,3,3,0.0,0.525,0.0,0.0,0.0,0.525,1
https://www.youtube.com/watch?v=YpHxxLAQCdk,196.641,6.200,35,0,316,0,1,0,1,3,3,3,0.0,0.39375,0.0,0.0,0.0,0.39375,1
https://www.youtube.com/watch?v=YpHxxLAQCdk,196.641,6.200,35,0,84,0,1,0,1,3,3,3,0.0,0.7875,0.0,0.0,0.0,0.7875,1
https://www.youtube.com/watch?v=YpHxxLAQCdk,196.641,6.200,35,0,36,0,1,0,1,3,3,3,0.0,0.91875,0.0,0.0,0.0,0.91875,1
https://www.youtube.com/watch?v=YpHxxLAQCdk,196.641,6.200,35,0,19,0,1,0,1,3,3,3,0.0,1.0,0.0,0.0,0.0,1.0,1
https://www.youtube.com/watch?v=YpHxxLAQCdk,196.641,6.200,35,0,176,0,1,0,1,3,3,3,0.0,0.3875,0.0,0.0,0.0,0.3875,1
https://www.youtube.com/watch?v=YpHxxLAQCdk,196.641,6.200,35,0,309,0,1,0,1,3,3,3,0.3625,0.3858333333333333,0.20666666666666667,0.0,0.0,0.04666666666666667,0
https://www.youtube.com/watch?v=YpHxxLAQCdk,196.641,6.200,35,0,168,0,1,0,1,3,3,3,0.0,0.0,0.0,0.0,0.0,0.0,0
https://www.youtube.com/watch?v=YpHxxLAQCdk,196.641,6.200,35,0,77,0,1,0,1,3,3,3,0.0,0.525,0.0,0.0,0.0,0.525,1
https://www.youtube.com/watch?v=YpHxxLAQCdk,196.641,6.200,35,0,28,0,1,0,1,3,3,3,0.0,0.65625,0.0,0.0,0.0,0.65625,1
https://www.youtube.com/watch?v=YpHxxLAQCdk,196.641,6.200,35,1,156,0,1,0,1,3,3,3,0.0,1.0,0.0,0.0,0.0,1.0,1
https://www.youtube.com/watch?v=YpHxxLAQCdk,196.641,6.200,35,0,13,0,1,0,1,3,3,3,0.0,0.0,0.0,0.0,0.0,0.0,0
https://www.youtube.com/watch?v=YpHxxLAQCdk,196.641,6.200,35,1,40,0,1,0,1,3,3,3,0.0,0.0,0.0,0.0,0.0,0.0,0
https://www.youtube.com/watch?v=YpHxxLAQCdk,196.641,6.200,35,0,58,0,1,0,1,3,3,3,0.0,0.2625,0.0,0.0,0.0,0.2625,1
https://www.youtube.com/watch?v=YpHxxLAQCdk,196.641,6.200,35,0,112,0,1,0,1,3,3,3,0.4,0.4,0.0,0.0,0.0,0.0,0
https://www.youtube.com/watch?v=YpHxxLAQCdk,196.641,6.200,35,0,18,0,1,0,1,3,3,3,0.0,0.625,0.0,0.0,0.0,0.625,1
https://www.youtube.com/watch?v=YpHxxLAQCdk,196.641,6.200,35,0,280,1,0,0,1,3,3,3,0.2625,0.0,0.0,0.0,0.0,-0.2625,-1
https://www.youtube.com/watch?v=YpHxxLAQCdk,196.641,6.200,35,0,72,0,1,0,1,3,3,3,0.0,0.2625,0.0,0.0,0.0,0.2625,1
https://www.youtube.com/watch?v=YpHxxLAQCdk,196.641,6.200,35,0,144,0,1,0,1,3,3,3,0.0,0.525,0.0,0.0,0.0,0.525,1
https://www.youtube.com/watch?v=YpHxxLAQCdk,196.641,6.200,35,0,20,0,1,0,1,3,3,3,0.0,1.0,0.0,0.0,0.0,1.0,1
https://www.youtube.com/watch?v=YpHxxLAQCdk,196.641,6.200,35,1,76,0,1,0,1,3,3,3,0.0,1.0,0.0,0.0,0.0,1.0,1
https://www.youtube.com/watch?v=YpHxxLAQCdk,196.641,6.200,35,0,31,0,1,0,1,3,3,3,0.0,0.625,0.0,0.0,0.0,0.625,1
https://www.youtube.com/watch?v=YpHxxLAQCdk,196.641,6.200,35,1,386,0,1,0,1,3,3,3,0.48333333333333334,0.41333333333333333,0.0,0.0,0.0,-0.105,0
https://www.youtube.com/watch?v=YpHxxLAQCdk,196.641,6.200,35,0,59,0,1,0,1,3,3,3,0.0,0.0,0.0,0.0,0.0,0.0,0
https://www.youtube.com/watch?v=YpHxxLAQCdk,196.641,6.200,35,0,93,0,1,0,1,3,3,3,0.525,0.0,0.0,0.0,0.0,-0.525,-1
https://www.youtube.com/watch?v=YpHxxLAQCdk,196.641,6.200,35,0,80,0,1,0,1,3,3,3,0.0,0.0,0.0,0.0,0.0,0.0,0
https://www.youtube.com/watch?v=YpHxxLAQCdk,196.641,6.200,35,0,167,0,1,0,1,3,3,3,0.0,0.525,0.0,0.0,0.0,0.525,1
https://www.youtube.com/watch?v=YpHxxLAQCdk,196.641,6.200,35,0,131,0,1,0,1,3,3,3,0.0,0.0,0.0,0.0,0.0,0.0,0
https://www.youtube.com/watch?v=YpHxxLAQCdk,196.641,6.200,35,0,160,0,1,0,1,3,3,3,0.525,0.0,0.525,0.525,0.328125,-0.525,-1
https://www.youtube.com/watch?v=YpHxxLAQCdk,196.641,6.200,35,0,93,0,1,0,1,3,3,3,0.0,0.7875,0.0,0.0,0.0,0.7875,1
https://www.youtube.com/watch?v=YpHxxLAQCdk,196.641,6.200,35,0,151,0,1,0,1,3,3,3,0.21,0.21,0.21,0.0,0.21,0.0,0
https://www.youtube.com/watch?v=YpHxxLAQCdk,196.641,6.200,35,0,322,1,0,0,1,3,3,3,0.0,0.7875,0.0,0.0,0.0,0.7875,1
https://www.youtube.com/watch?v=YpHxxLAQCdk,196.641,6.200,35,0,10,0,1,0,1,3,3,3,0.0,0.625,0.0,0.0,0.0,0.625,1
https://www.youtube.com/watch?v=YpHxxLAQCdk,196.641,6.200,35,0,114,0,1,0,1,3,3,3,0.0,0.3875,0.0,0.0,0.0,0.3875,1
https://www.youtube.com/watch?v=YpHxxLAQCdk,196.641,6.200,35,0,81,0,1,0,1,3,3,3,0.0,0.525,0.0,0.0,0.0,0.525,1
https://www.youtube.com/watch?v=YpHxxLAQCdk,196.641,6.200,35,1,204,0,1,0,1,3,3,3,0.35625,0.7,0.0,0.0,0.35625,0.48125,1
https://www.youtube.com/watch?v=YpHxxLAQCdk,196.641,6.200,35,0,142,1,0,0,1,3,3,3,0.525,0.0,0.2625,0.2625,0.2625,-0.525,-1
https://www.youtube.com/watch?v=YpHxxLAQCdk,196.641,6.200,35,0,99,0,1,0,1,3,3,3,0.5,0.42,0.0,0.0,0.0,-0.08,0
https://www.youtube.com/watch?v=YpHxxLAQCdk,196.641,6.200,35,0,66,0,1,0,1,3,3,3,0.0,0.525,0.0,0.0,0.0,0.525,1
https://www.youtube.com/watch?v=YpHxxLAQCdk,196.641,6.200,35,0,82,0,1,0,1,3,3,3,0.145,0.5166666666666667,0.145,0.0,0.145,0.275,0
https://www.youtube.com/watch?v=YpHxxLAQCdk,196.641,6.200,35,0,64,0,1,0,1,3,3,3,0.0,0.0,0.0,0.0,0.0,0.0,0
https://www.youtube.com/watch?v=YpHxxLAQCdk,196.641,6.200,35,5,73,1,0,0,1,3,3,3,0.0,0.0,0.0,0.0,0.0,0.0,0
https://www.youtube.com/watch?v=YpHxxLAQCdk,196.641,6.200,35,0,749,0,1,0,1,3,3,3,0.0,0.390625,0.0,0.0,0.0,0.390625,1
https://www.youtube.com/watch?v=YpHxxLAQCdk,196.641,6.200,35,2,255,1,0,0,1,3,3,3,0.4,0.4,0.0,0.0,0.0,0.0,0
https://www.youtube.com/watch?v=YpHxxLAQCdk,196.641,6.200,35,0,126,0,1,0,1,3,3,3,0.0,0.4625,0.0,0.0,0.0,0.4625,1
https://www.youtube.com/watch?v=YpHxxLAQCdk,196.641,6.200,35,0,122,0,1,0,1,3,3,3,0.0,0.2625,0.0,0.0,0.0,0.2625,1
https://www.youtube.com/watch?v=YpHxxLAQCdk,196.641,6.200,35,0,9,0,1,0,1,3,3,3,0.0,1.0,0.0,0.0,0.0,1.0,1
https://www.youtube.com/watch?v=YpHxxLAQCdk,196.641,6.200,35,1,137,0,1,0,1,3,3,3,0.0,0.0,0.0,0.0,0.0,0.0,0
https://www.youtube.com/watch?v=YpHxxLAQCdk,196.641,6.200,35,0,395,1,0,0,1,3,3,3,0.15,0.47291666666666665,0.0,0.3,0.15,0.459375,1
https://www.youtube.com/watch?v=YpHxxLAQCdk,196.641,6.200,35,0,84,0,1,0,1,3,3,3,0.0,0.2625,0.0,0.0,0.0,0.2625,1
https://www.youtube.com/watch?v=YpHxxLAQCdk,196.641,6.200,35,0,367,1,0,0,1,3,3,3,0.0,0.44375,0.0,0.0,0.0,0.44375,1
https://www.youtube.com/watch?v=YpHxxLAQCdk,196.641,6.200,35,0,631,0,1,0,1,3,3,3,0.0,0.0,0.0,0.0,0.0,0.0,0
https://www.youtube.com/watch?v=YpHxxLAQCdk,196.641,6.200,35,0,144,0,1,0,1,3,3,3,0.0,0.2625,0.0,0.0,0.0,0.2625,1
https://www.youtube.com/watch?v=YpHxxLAQCdk,196.641,6.200,35,0,88,0,1,0,1,3,3,3,0.525,0.1425,0.0,0.0,0.0,-0.2625,-1
https://www.youtube.com/watch?v=YpHxxLAQCdk,196.641,6.200,35,0,113,0,1,0,1,3,3,3,0.39375,0.0,0.2625,0.0,0.2625,-0.39375,-1
https://www.youtube.com/watch?v=YpHxxLAQCdk,196.641,6.200,35,0,321,1,0,0,1,3,3,3,0.0,0.0,0.0,0.0,0.0,0.0,0
https://www.youtube.com/watch?v=YpHxxLAQCdk,196.641,6.200,35,0,268,1,0,0,1,3,3,3,0.2575,0.4,0.205,0.42,0.2,-0.325,0
https://www.youtube.com/watch?v=YpHxxLAQCdk,196.641,6.200,35,0,18,0,1,0,1,3,3,3,0.0,0.7875,0.0,0.0,0.0,0.7875,1
https://www.youtube.com/watch?v=YpHxxLAQCdk,196.641,6.200,35,0,6,0,1,0,1,3,3,3,0.0,1.0,0.0,0.0,0.0,1.0,1
https://www.youtube.com/watch?v=YpHxxLAQCdk,196.641,6.200,35,0,104,1,0,0,1,3,3,3,0.525,0.0,0.2625,0.2625,0.0,-0.525,-1
https://www.youtube.com/watch?v=YpHxxLAQCdk,196.641,6.200,35,0,418,0,1,0,1,3,3,3,0.42,0.5985,0.42,0.336,0.252,0.1785,0
https://www.youtube.com/watch?v=YpHxxLAQCdk,196.641,6.200,35,0,83,0,1,0,1,3,3,3,0.0,0.0,0.0,0.0,0.0,0.0,0
https://www.youtube.com/watch?v=YpHxxLAQCdk,196.641,6.200,35,0,10,0,1,0,1,3,3,3,0.0,0.75,0.0,0.0,0.0,0.75,1
https://www.youtube.com/watch?v=YpHxxLAQCdk,196.641,6.200,35,0,46,0,1,0,1,3,3,3,0.0,0.0,0.0,0.0,0.0,0.0,0
https://www.youtube.com/watch?v=YpHxxLAQCdk,196.641,6.200,35,0,88,0,1,0,1,3,3,3,0.0,0.0,0.0,0.0,0.0,0.0,0
https://www.youtube.com/watch?v=YpHxxLAQCdk,196.641,6.200,35,0,84,0,1,0,1,3,3,3,0.0,0.525,0.0,0.0,0.0,0.525,1
https://www.youtube.com/watch?v=YpHxxLAQCdk,196.641,6.200,35,0,29,0,1,0,1,3,3,3,0.0,0.0,0.0,0.0,0.0,0.0,0
https://www.youtube.com/watch?v=YpHxxLAQCdk,196.641,6.200,35,0,25,0,1,0,1,3,3,3,0.0,0.7875,0.0,0.0,0.0,0.7875,1
https://www.youtube.com/watch?v=YpHxxLAQCdk,196.641,6.200,35,1,42,0,1,0,1,3,3,3,0.0,0.0,0.0,0.0,0.0,0.0,0
https://www.youtube.com/watch?v=YpHxxLAQCdk,196.641,6.200,35,0,284,1,0,0,1,3,3,3,0.525,0.0,0.0,0.0,0.0,-0.525,-1
https://www.youtube.com/watch?v=YpHxxLAQCdk,196.641,6.200,35,0,53,0,1,0,1,3,3,3,0.285,1.0,0.1425,0.0,0.0,0.7875,1
https://www.youtube.com/watch?v=YpHxxLAQCdk,196.641,6.200,35,0,22,0,1,0,1,3,3,3,0.0,0.0,0.0,0.0,0.0,0.0,0
https://www.youtube.com/watch?v=YpHxxLAQCdk,196.641,6.200,35,0,54,0,1,0,1,3,3,3,0.0,0.0,0.0,0.0,0.0,0.0,0
https://www.youtube.com/watch?v=YpHxxLAQCdk,196.641,6.200,35,1,159,1,0,0,1,3,3,3,0.39375,0.0,0.0,0.525,0.2625,-0.525,-1
https://www.youtube.com/watch?v=YpHxxLAQCdk,196.641,6.200,35,0,200,1,0,0,1,3,3,3,0.2625,0.0,0.0,0.0,0.0,-0.2625,-1
https://www.youtube.com/watch?v=YpHxxLAQCdk,196.641,6.200,35,0,6,0,1,0,1,3,3,3,0.0,0.0,0.0,0.0,0.0,0.0,0
https://www.youtube.com/watch?v=YpHxxLAQCdk,196.641,6.200,35,0,32,0,1,0,1,3,3,3,0.0,0.0,0.0,0.0,0.0,0.0,0
https://www.youtube.com/watch?v=YpHxxLAQCdk,196.641,6.200,35,39,34,1,0,0,1,3,3,3,0.0,0.25,0.0,0.0,0.0,0.25,1
https://www.youtube.com/watch?v=YpHxxLAQCdk,196.641,6.200,35,0,34,0,1,0,1,3,3,3,0.0,0.0,0.0,0.0,0.0,0.0,0
https://www.youtube.com/watch?v=YpHxxLAQCdk,196.641,6.200,35,1,433,1,0,0,1,3,3,3,0.6125,0.35,0.0,0.0,0.0,-0.2625,0
https://www.youtube.com/watch?v=YpHxxLAQCdk,196.641,6.200,35,0,18,0,1,0,1,3,3,3,0.0,0.0,0.0,0.0,0.0,0.0,0
https://www.youtube.com/watch?v=YpHxxLAQCdk,196.641,6.200,35,0,32,0,1,0,1,3,3,3,0.0,0.0,0.0,0.0,0.0,0.0,0
https://www.youtube.com/watch?v=YpHxxLAQCdk,196.641,6.200,35,2,76,0,1,0,1,3,3,3,0.0,0.65625,0.0,0.0,0.0,0.65625,1
https://www.youtube.com/watch?v=YpHxxLAQCdk,196.641,6.200,35,34,63,0,1,0,1,3,3,3,0.525,0.0,0.525,0.525,0.39375,-0.525,-1
https://www.youtube.com/watch?v=YpHxxLAQCdk,196.641,6.200,35,0,6,0,1,0,1,3,3,3,0.0,0.0,0.0,0.0,0.0,0.0,0
https://www.youtube.com/watch?v=YpHxxLAQCdk,196.641,6.200,35,0,158,0,1,0,1,3,3,3,0.145,0.3875,0.0,0.0,0.0,0.14583333333333334,0
https://www.youtube.com/watch?v=YpHxxLAQCdk,196.641,6.200,35,0,12,0,1,0,1,3,3,3,0.0,0.0,0.0,0.0,0.0,0.0,0
https://www.youtube.com/watch?v=YpHxxLAQCdk,196.641,6.200,35,2,131,0,1,0,1,3,3,3,0.525,0.0,0.0,0.0,0.0,-0.7875,-1
https://www.youtube.com/watch?v=YpHxxLAQCdk,196.641,6.200,35,0,15,0,1,0,1,3,3,3,0.0,0.0,0.0,0.0,0.0,0.0,0
https://www.youtube.com/watch?v=YpHxxLAQCdk,196.641,6.200,35,0,54,0,1,0,1,3,3,3,0.2625,0.0,0.0,0.0,0.2625,-0.2625,-1
https://www.youtube.com/watch?v=YpHxxLAQCdk,196.641,6.200,35,0,15,0,1,0,1,3,3,3,0.0,0.0,0.0,0.0,0.0,0.0,0
https://www.youtube.com/watch?v=YpHxxLAQCdk,196.641,6.200,35,0,15,0,1,0,1,3,3,3,0.0,0.0,0.0,0.0,0.0,0.0,0
https://www.youtube.com/watch?v=-9Nafr7zdJs,21.913,438,7,0,237,0,1,0,2,3,3,3,0.3,0.6375,0.15,0.15,0.0,0.3875,1
https://www.youtube.com/watch?v=-9Nafr7zdJs,21.913,438,7,3,81,0,1,0,2,3,3,3,0.0,0.7875,0.0,0.0,0.0,0.7875,1
https://www.youtube.com/watch?v=-9Nafr7zdJs,21.913,438,7,0,168,0,1,0,2,3,3,3,0.34125,0.8955729166666667,0.170625,0.0,0.0,0.5543229166666667,0
https://www.youtube.com/watch?v=-9Nafr7zdJs,21.913,438,7,1,107,0,1,0,2,3,3,3,0.0,1.0,0.0,0.0,0.0,1.0,1
https://www.youtube.com/watch?v=-9Nafr7zdJs,21.913,438,7,4,63,0,1,0,2,3,3,3,0.0,0.75625,0.0,0.0,0.0,0.75625,1
https://www.youtube.com/watch?v=-9Nafr7zdJs,21.913,438,7,0,56,0,1,0,2,3,3,3,0.0,1.0,0.0,0.0,0.0,1.0,1
https://www.youtube.com/watch?v=-9Nafr7zdJs,21.913,438,7,0,102,0,1,0,2,3,3,3,0.285,1.0,0.0,0.0,0.0,0.7875,1
https://www.youtube.com/watch?v=-9Nafr7zdJs,21.913,438,7,0,62,0,1,0,2,3,3,3,0.0,0.525,0.0,0.0,0.0,0.525,1
https://www.youtube.com/watch?v=-9Nafr7zdJs,21.913,438,7,0,68,0,1,0,2,3,3,3,0.0,0.525,0.0,0.0,0.0,0.525,1
https://www.youtube.com/watch?v=-9Nafr7zdJs,21.913,438,7,1,65,0,1,0,2,3,3,3,0.0,0.625,0.0,0.0,0.0,0.625,1
https://www.youtube.com/watch?v=-9Nafr7zdJs,21.913,438,7,0,44,0,1,0,2,3,3,3,0.0,1.0,0.0,0.0,0.0,1.0,1
https://www.youtube.com/watch?v=-9Nafr7zdJs,21.913,438,7,0,144,0,1,0,2,3,3,3,0.0,0.9453125,0.0,0.0,0.0,0.9453125,1
https://www.youtube.com/watch?v=-9Nafr7zdJs,21.913,438,7,0,50,0,1,0,2,3,3,3,0.0,0.6125,0.0,0.0,0.0,0.6125,1
https://www.youtube.com/watch?v=-9Nafr7zdJs,21.913,438,7,0,12,0,1,0,2,3,3,3,0.0,1.0,0.0,0.0,0.0,1.0,1
https://www.youtube.com/watch?v=-9Nafr7zdJs,21.913,438,7,0,248,0,1,0,2,3,3,3,0.0,0.6125,0.0,0.0,0.0,0.6125,1
https://www.youtube.com/watch?v=-9Nafr7zdJs,21.913,438,7,0,28,0,1,0,2,3,3,3,0.0,1.0,0.0,0.0,0.0,1.0,1
https://www.youtube.com/watch?v=-9Nafr7zdJs,21.913,438,7,0,49,0,1,0,2,3,3,3,0.0,0.525,0.0,0.0,0.0,0.525,1
https://www.youtube.com/watch?v=-9Nafr7zdJs,21.913,438,7,0,90,1,0,0,2,3,3,3,0.4666666666666667,0.30333333333333334,0.0,0.0,0.0,0.14,0
https://www.youtube.com/watch?v=-9Nafr7zdJs,21.913,438,7,0,26,0,1,0,2,3,3,3,0.0,0.9375,0.0,0.0,0.0,0.9375,1
https://www.youtube.com/watch?v=-9Nafr7zdJs,21.913,438,7,0,144,0,1,0,2,3,3,3,0.6,0.205,0.0,0.0,0.0,-0.19,0
https://www.youtube.com/watch?v=-9Nafr7zdJs,21.913,438,7,1,23,0,1,0,2,3,3,3,0.0,1.0,0.0,0.0,0.0,1.0,1
https://www.youtube.com/watch?v=-9Nafr7zdJs,21.913,438,7,0,31,0,1,0,2,3,3,3,0.0,1.0,0.0,0.0,0.0,1.0,1
https://www.youtube.com/watch?v=-9Nafr7zdJs,21.913,438,7,0,16,0,1,0,2,3,3,3,0.0,1.0,0.0,0.0,0.0,1.0,1
https://www.youtube.com/watch?v=-9Nafr7zdJs,21.913,438,7,0,43,0,1,0,2,3,3,3,0.0,0.91875,0.0,0.0,0.0,0.91875,1
https://www.youtube.com/watch?v=-9Nafr7zdJs,21.913,438,7,3,44,0,1,0,2,3,3,3,0.0,0.525,0.0,0.0,0.0,0.525,1
https://www.youtube.com/watch?v=-9Nafr7zdJs,21.913,438,7,1,151,0,1,0,2,3,3,3,0.0,0.525,0.0,0.0,0.0,0.525,1
https://www.youtube.com/watch?v=-9Nafr7zdJs,21.913,438,7,0,22,0,1,0,2,3,3,3,0.0,1.0,0.0,0.0,0.0,1.0,1
https://www.youtube.com/watch?v=-9Nafr7zdJs,21.913,438,7,0,23,0,1,0,2,3,3,3,0.0,1.0,0.0,0.0,0.0,1.0,1
https://www.youtube.com/watch?v=-9Nafr7zdJs,21.913,438,7,1,81,1,0,0,2,3,3,3,0.0,0.7875,0.0,0.0,0.0,0.7875,1
https://www.youtube.com/watch?v=-9Nafr7zdJs,21.913,438,7,0,36,0,1,0,2,3,3,3,0.0,0.0,0.0,0.0,0.0,0.0,0
https://www.youtube.com/watch?v=-9Nafr7zdJs,21.913,438,7,0,13,0,1,0,2,3,3,3,0.0,1.0,0.0,0.0,0.0,1.0,1
https://www.youtube.com/watch?v=-9Nafr7zdJs,21.913,438,7,2,14,0,1,0,2,3,3,3,0.0,1.0,0.0,0.0,0.0,1.0,1
https://www.youtube.com/watch?v=-9Nafr7zdJs,21.913,438,7,0,12,0,1,0,2,3,3,3,0.0,1.0,0.0,0.0,0.0,1.0,1
https://www.youtube.com/watch?v=-9Nafr7zdJs,21.913,438,7,0,19,0,1,0,2,3,3,3,0.0,0.625,0.0,0.0,0.0,0.625,1
https://www.youtube.com/watch?v=-9Nafr7zdJs,21.913,438,7,0,18,0,1,0,2,3,3,3,0.0,0.75,0.0,0.0,0.0,0.75,1
https://www.youtube.com/watch?v=-9Nafr7zdJs,21.913,438,7,0,14,0,1,0,2,3,3,3,0.0,0.0,0.0,0.0,0.0,0.0,0
https://www.youtube.com/watch?v=-9Nafr7zdJs,21.913,438,7,0,16,0,1,0,2,3,3,3,0.0,0.6125,0.0,0.0,0.0,0.6125,1
https://www.youtube.com/watch?v=-9Nafr7zdJs,21.913,438,7,0,10,0,1,0,2,3,3,3,0.0,1.0,0.0,0.0,0.0,1.0,1
https://www.youtube.com/watch?v=-9Nafr7zdJs,21.913,438,7,0,161,0,1,0,2,3,3,3,0.375,0.3,0.0,0.0,0.375,-0.125,-1
https://www.youtube.com/watch?v=-9Nafr7zdJs,21.913,438,7,0,18,0,1,0,2,3,3,3,0.0,0.525,0.0,0.0,0.0,0.525,1
https://www.youtube.com/watch?v=-9Nafr7zdJs,21.913,438,7,0,8,0,1,0,2,3,3,3,0.0,0.0,0.0,0.0,0.0,0.0,0
https://www.youtube.com/watch?v=-9Nafr7zdJs,21.913,438,7,0,88,0,1,0,2,3,3,3,0.0,0.525,0.0,0.0,0.0,0.525,1
https://www.youtube.com/watch?v=-9Nafr7zdJs,21.913,438,7,0,15,0,1,0,2,3,3,3,0.0,1.0,0.0,0.0,0.0,1.0,1
https://www.youtube.com/watch?v=-9Nafr7zdJs,21.913,438,7,0,30,0,1,0,2,3,3,3,0.0,0.0,0.0,0.0,0.0,0.0,0
https://www.youtube.com/watch?v=-9Nafr7zdJs,21.913,438,7,0,28,0,1,0,2,3,3,3,0.0,0.825,0.0,0.0,0.0,0.825,1
https://www.youtube.com/watch?v=-9Nafr7zdJs,21.913,438,7,0,125,0,1,0,2,3,3,3,0.34125,0.40770833333333334,0.0,0.0,0.0,0.06645833333333333,0
https://www.youtube.com/watch?v=-9Nafr7zdJs,21.913,438,7,13,45,1,0,0,2,3,3,3,0.0,0.625,0.0,0.0,0.0,0.625,1
https://www.youtube.com/watch?v=-9Nafr7zdJs,21.913,438,7,0,49,0,1,0,2,3,3,3,0.7875,0.0,0.0,0.525,0.0,-0.7875,-1
https://www.youtube.com/watch?v=-9Nafr7zdJs,21.913,438,7,0,51,0,1,0,2,3,3,3,1.0,0.0,0.7875,0.525,0.2625,-1.0,-1
https://www.youtube.com/watch?v=-9Nafr7zdJs,21.913,438,7,0,28,0,1,0,2,3,3,3,0.0,0.0,0.0,0.0,0.0,0.0,0
